{"terms":{"architecture":{"df":4,"idf":4.119940109411065,"postings":[[0,1],[2,1],[13,1],[161,1]]},"cloud":{"df":1,"idf":5.218552398079174,"postings":[[0,1]]},"modules":{"df":1,"idf":5.218552398079174,"postings":[[1,1]]},"approximately":{"df":2,"idf":4.707726774313183,"postings":[[1,1],[7,1]]},"production":{"df":1,"idf":5.218552398079174,"postings":[[1,1]]},"plus":{"df":1,"idf":5.218552398079174,"postings":[[1,1]]},"multi":{"df":1,"idf":5.218552398079174,"postings":[[2,1]]},"models":{"df":3,"idf":4.3712545376919705,"postings":[[2,1],[237,1],[247,1]]},"size":{"df":1,"idf":5.218552398079174,"postings":[[2,1]]},"generation":{"df":6,"idf":3.752215329285747,"postings":[[3,1],[7,1],[14,1],[36,1],[37,1],[38,1]]},"which":{"df":12,"idf":3.098288861879083,"postings":[[3,1],[8,1],[176,1],[181,1],[183,3],[190,1],[191,1],[192,1],[193,2],[198,2],[204,1],[210,1]]},"card":{"df":2,"idf":4.707726774313183,"postings":[[4,1],[6,1]]},"do":{"df":2,"idf":4.707726774313183,"postings":[[4,1],[187,1]]},"several":{"df":1,"idf":5.218552398079174,"postings":[[5,1]]},"or":{"df":13,"idf":3.021327820742955,"postings":[[6,1],[11,1],[19,1],[36,1],[79,1],[165,1],[174,1],[176,1],[179,1],[180,1],[187,1],[198,4],[208,1]]},"capability":{"df":1,"idf":5.218552398079174,"postings":[[6,1]]},"backend":{"df":1,"idf":5.218552398079174,"postings":[[6,1]]},"they":{"df":11,"idf":3.1816704708181343,"postings":[[7,1],[173,1],[174,1],[175,1],[176,1],[184,1],[190,1],[191,1],[192,1],[193,1],[198,1]]},"eviction":{"df":1,"idf":5.218552398079174,"postings":[[9,1]]},"central":{"df":1,"idf":5.218552398079174,"postings":[[14,1]]},"as":{"df":23,"idf":2.467017085037225,"postings":[[14,1],[15,2],[19,1],[28,1],[55,1],[124,1],[140,1],[165,1],[170,2],[176,1],[177,3],[178,1],[183,1],[184,1],[187,1],[191,1],[192,1],[195,1],[196,1],[198,2],[200,1],[203,1],[204,1]]},"content":{"df":2,"idf":4.707726774313183,"postings":[[15,1],[26,1]]},"prior":{"df":2,"idf":4.707726774313183,"postings":[[15,1],[196,1]]},"based":{"df":25,"idf":2.385339054022958,"postings":[[20,1],[36,1],[44,1],[209,1],[210,1],[218,2],[221,1],[224,1],[227,1],[230,1],[233,1],[236,1],[237,1],[240,1],[243,1],[246,1],[250,1],[253,1],[257,1],[260,1],[264,1],[267,1],[268,1],[271,1],[274,1]]},"memorize":{"df":2,"idf":4.707726774313183,"postings":[[21,1],[106,2]]},"stores":{"df":2,"idf":4.707726774313183,"postings":[[21,1],[23,1]]},"creates":{"df":1,"idf":5.218552398079174,"postings":[[22,1]]},"overwritten":{"df":1,"idf":5.218552398079174,"postings":[[22,1]]},"store":{"df":1,"idf":5.218552398079174,"postings":[[22,1]]},"isolated":{"df":1,"idf":5.218552398079174,"postings":[[23,1]]},"file":{"df":3,"idf":4.3712545376919705,"postings":[[26,1],[52,1],[142,1]]},"pdfminer":{"df":2,"idf":4.707726774313183,"postings":[[27,1],[150,1]]},"messages":{"df":2,"idf":4.707726774313183,"postings":[[31,1],[34,2]]},"sender":{"df":2,"idf":4.707726774313183,"postings":[[31,1],[58,1]]},"hardcoded":{"df":1,"idf":5.218552398079174,"postings":[[32,1]]},"offline":{"df":1,"idf":5.218552398079174,"postings":[[34,1]]},"account":{"df":1,"idf":5.218552398079174,"postings":[[35,1]]},"loops":{"df":1,"idf":5.218552398079174,"postings":[[35,1]]},"sudo":{"df":4,"idf":4.119940109411065,"postings":[[35,1],[141,1],[143,1],[144,1]]},"offload":{"df":1,"idf":5.218552398079174,"postings":[[36,1]]},"phases":{"df":1,"idf":5.218552398079174,"postings":[[37,1]]},"mechanism":{"df":2,"idf":4.707726774313183,"postings":[[38,1],[44,1]]},"sequences":{"df":1,"idf":5.218552398079174,"postings":[[38,1]]},"7":{"df":12,"idf":3.098288861879083,"postings":[[49,2],[50,1],[88,1],[140,1],[178,1],[189,2],[191,1],[201,1],[218,1],[224,1],[260,1],[264,1]]},"24fps":{"df":1,"idf":5.218552398079174,"postings":[[53,1]]},"frequency":{"df":1,"idf":5.218552398079174,"postings":[[54,1]]},"status":{"df":5,"idf":3.9192694139489133,"postings":[[63,1],[64,1],[177,1],[183,1],[196,1]]},"hit":{"df":2,"idf":4.707726774313183,"postings":[[76,1],[89,1]]},"sensorycortex":{"df":4,"idf":4.119940109411065,"postings":[[78,1],[86,1],[91,1],[96,1]]},"cp":{"df":2,"idf":4.707726774313183,"postings":[[136,1],[141,1]]},"foreground":{"df":1,"idf":5.218552398079174,"postings":[[138,1]]},"accelerate":{"df":1,"idf":5.218552398079174,"postings":[[148,1]]},"git":{"df":1,"idf":5.218552398079174,"postings":[[152,1]]},"report":{"df":2,"idf":4.707726774313183,"postings":[[160,1],[191,1]]},"board":{"df":6,"idf":3.752215329285747,"postings":[[162,1],[178,1],[189,1],[190,2],[192,1],[202,2]]},"education":{"df":13,"idf":3.021327820742955,"postings":[[162,1],[177,7],[178,4],[179,1],[180,1],[181,4],[186,1],[187,2],[190,3],[193,1],[196,6],[200,1],[204,1]]},"1953":{"df":3,"idf":4.3712545376919705,"postings":[[163,1],[189,3],[196,1]]},"district":{"df":6,"idf":3.752215329285747,"postings":[[163,2],[174,1],[189,4],[190,3],[191,5],[192,3]]},"484":{"df":1,"idf":5.218552398079174,"postings":[[164,2]]},"thurgood":{"df":2,"idf":4.707726774313183,"postings":[[164,2],[165,1]]},"louis":{"df":3,"idf":4.3712545376919705,"postings":[[164,1],[165,1],[169,1]]},"greenberg":{"df":2,"idf":4.707726774313183,"postings":[[164,2],[165,1]]},"jurisdiction":{"df":3,"idf":4.3712545376919705,"postings":[[165,1],[175,1],[198,1]]},"wickham":{"df":1,"idf":5.218552398079174,"postings":[[168,1]]},"urging":{"df":1,"idf":5.218552398079174,"postings":[[170,2]]},"jewish":{"df":1,"idf":5.218552398079174,"postings":[[171,1]]},"warren":{"df":1,"idf":5.218552398079174,"postings":[[172,1]]},"opinion":{"df":3,"idf":4.3712545376919705,"postings":[[172,1],[173,1],[205,2]]},"conditions":{"df":4,"idf":4.119940109411065,"postings":[[173,1],[177,1],[187,1],[205,1]]},"common":{"df":4,"idf":4.119940109411065,"postings":[[173,1],[177,2],[268,1],[275,1]]},"segregation":{"df":16,"idf":2.8206571252808037,"postings":[[174,2],[176,1],[179,1],[180,1],[182,1],[184,2],[186,2],[187,3],[190,1],[191,1],[192,1],[193,2],[200,4],[204,1],[205,2],[207,1]]},"according":{"df":1,"idf":5.218552398079174,"postings":[[174,1]]},"alleged":{"df":1,"idf":5.218552398079174,"postings":[[174,1]]},"amendment":{"df":10,"idf":3.272642249023861,"postings":[[174,1],[176,3],[177,4],[178,1],[180,1],[186,2],[196,3],[198,2],[206,1],[207,1]]},"races":{"df":2,"idf":4.707726774313183,"postings":[[174,1],[184,1]]},"discussion":{"df":2,"idf":4.707726774313183,"postings":[[176,1],[186,1]]},"problem":{"df":3,"idf":4.3712545376919705,"postings":[[176,1],[180,1],[200,1]]},"faced":{"df":1,"idf":5.218552398079174,"postings":[[176,1]]},"free":{"df":2,"idf":4.707726774313183,"postings":[[177,1],[196,1]]},"fact":{"df":1,"idf":5.218552398079174,"postings":[[177,1]]},"further":{"df":3,"idf":4.3712545376919705,"postings":[[177,1],[187,1],[210,1]]},"north":{"df":3,"idf":4.3712545376919705,"postings":[[177,2],[196,2],[200,1]]},"virtually":{"df":2,"idf":4.707726774313183,"postings":[[177,1],[196,1]]},"proscribing":{"df":1,"idf":5.218552398079174,"postings":[[178,1]]},"transportation":{"df":3,"idf":4.3712545376919705,"postings":[[178,1],[190,1],[192,2]]},"field":{"df":2,"idf":4.707726774313183,"postings":[[178,1],[186,1]]},"cumming":{"df":2,"idf":4.707726774313183,"postings":[[178,1],[202,1]]},"rice":{"df":1,"idf":5.218552398079174,"postings":[[178,1]]},"graduate":{"df":2,"idf":4.707726774313183,"postings":[[178,1],[183,1]]},"mclaurin":{"df":2,"idf":4.707726774313183,"postings":[[178,1],[183,1]]},"buildings":{"df":3,"idf":4.3712545376919705,"postings":[[179,1],[190,1],[191,1]]},"good":{"df":2,"idf":4.707726774313183,"postings":[[181,1],[203,1]]},"citizenship":{"df":1,"idf":5.218552398079174,"postings":[[181,1]]},"normally":{"df":1,"idf":5.218552398079174,"postings":[[181,1]]},"his":{"df":3,"idf":4.3712545376919705,"postings":[[181,1],[183,2],[193,1]]},"could":{"df":1,"idf":5.218552398079174,"postings":[[183,1]]},"inferiority":{"df":3,"idf":4.3712545376919705,"postings":[[183,1],[184,2],[198,1]]},"greater":{"df":1,"idf":5.218552398079174,"postings":[[184,1]]},"modern":{"df":1,"idf":5.218552398079174,"postings":[[185,1]]},"guaranteed":{"df":1,"idf":5.218552398079174,