{"terms":{"a":{"df":53,"idf":1.4002156996384987,"postings":[[0,2],[1,1],[2,1],[3,2],[4,2],[6,1],[12,4],[13,3],[14,3],[15,1],[17,1],[19,2],[21,1],[22,1],[23,1],[29,1],[30,1],[33,2],[34,1],[36,1],[42,1],[52,1],[53,1],[55,2],[62,1],[156,1],[157,1],[165,3],[170,1],[173,1],[174,2],[177,2],[178,1],[179,1],[181,2],[183,8],[184,5],[187,1],[190,3],[191,1],[193,4],[196,4],[198,3],[200,2],[202,4],[203,1],[204,3],[205,1],[208,2],[209,1],[210,1],[211,1],[213,2]]},"2":{"df":20,"idf":2.359472467396097,"postings":[[1,1],[6,1],[16,1],[40,1],[41,1],[45,1],[93,1],[100,1],[104,1],[128,1],[147,1],[164,2],[165,4],[167,3],[168,1],[170,2],[175,1],[189,1],[193,1],[194,1]]},"model":{"df":4,"idf":3.8758199567641856,"postings":[[2,1],[15,1],[36,1],[131,1]]},"inference":{"df":8,"idf":3.239831190044189,"postings":[[2,1],[7,1],[11,1],[14,1],[17,1],[33,1],[34,1],[54,1]]},"passes":{"df":1,"idf":4.974432245432295,"postings":[[2,1]]},"competes":{"df":1,"idf":4.974432245432295,"postings":[[2,1]]},"architectural":{"df":1,"idf":4.974432245432295,"postings":[[3,1]]},"practice":{"df":1,"idf":4.974432245432295,"postings":[[3,1]]},"window":{"df":1,"idf":4.974432245432295,"postings":[[4,1]]},"call":{"df":5,"idf":3.6751492613020345,"postings":[[6,1],[14,1],[17,1],[18,1],[21,1]]},"first":{"df":5,"idf":3.6751492613020345,"postings":[[6,1],[20,1],[38,1],[178,1],[214,2]]},"engine":{"df":4,"idf":3.8758199567641856,"postings":[[6,1],[12,1],[13,1],[157,1]]},"acquire":{"df":3,"idf":4.127134385045092,"postings":[[8,1],[12,1],[112,1]]},"lazily":{"df":2,"idf":4.463606621666305,"postings":[[11,1],[122,1]]},"cooperative":{"df":1,"idf":4.974432245432295,"postings":[[12,1]]},"autoregressive":{"df":2,"idf":4.463606621666305,"postings":[[14,1],[38,1]]},"distinct":{"df":2,"idf":4.463606621666305,"postings":[[14,1],[29,1]]},"setting":{"df":1,"idf":4.974432245432295,"postings":[[14,1]]},"turns":{"df":1,"idf":4.974432245432295,"postings":[[15,1]]},"live":{"df":3,"idf":4.127134385045092,"postings":[[17,1],[32,1],[64,1]]},"64":{"df":1,"idf":4.974432245432295,"postings":[[18,1]]},"pl":{"df":1,"idf":4.974432245432295,"postings":[[19,1]]},"recovery":{"df":2,"idf":4.463606621666305,"postings":[[20,1],[35,1]]},"chromadb":{"df":3,"idf":4.127134385045092,"postings":[[21,1],[23,1],[126,1]]},"shares":{"df":1,"idf":4.974432245432295,"postings":[[23,1]]},"md":{"df":1,"idf":4.974432245432295,"postings":[[24,1]]},"gate":{"df":6,"idf":3.5080951766388684,"postings":[[31,1],[78,1],[86,1],[91,1],[96,1],[117,1]]},"none":{"df":2,"idf":4.463606621666305,"postings":[[33,1],[178,1]]},"typing":{"df":1,"idf":4.974432245432295,"postings":[[33,1]]},"app":{"df":1,"idf":4.974432245432295,"postings":[[34,1]]},"20":{"df":1,"idf":4.974432245432295,"postings":[[34,2]]},"logs":{"df":1,"idf":4.974432245432295,"postings":[[35,1]]},"image":{"df":1,"idf":4.974432245432295,"postings":[[36,1]]},"quantization":{"df":2,"idf":4.463606621666305,"postings":[[36,1],[54,1]]},"frame":{"df":3,"idf":4.127134385045092,"postings":[[38,2],[42,1],[214,1]]},"start":{"df":6,"idf":3.5080951766388684,"postings":[[38,1],[39,1],[53,1],[63,1],[114,1],[128,1]]},"bidirectionally":{"df":2,"idf":4.463606621666305,"postings":[[38,1],[41,1]]},"maintains":{"df":1,"idf":4.974432245432295,"postings":[[38,1]]},"latent":{"df":4,"idf":3.8758199567641856,"postings":[[39,1],[40,1],[42,1],[52,1]]},"guidance":{"df":4,"idf":3.8758199567641856,"postings":[[44,2],[48,1],[50,1],[51,1]]},"midpoint":{"df":4,"idf":3.8758199567641856,"postings":[[45,1],[46,1],[47,1],[51,1]]},"512":{"df":1,"idf":4.974432245432295,"postings":[[53,1]]},"times":{"df":1,"idf":4.974432245432295,"postings":[[54,1]]},"flow":{"df":1,"idf":4.974432245432295,"postings":[[55,1]]},"auth":{"df":1,"idf":4.974432245432295,"postings":[[58,1]]},"low":{"df":2,"idf":4.463606621666305,"postings":[[124,1],[196,1]]},"transformers":{"df":2,"idf":4.463606621666305,"postings":[[126,1],[148,1]]},"org":{"df":1,"idf":4.974432245432295,"postings":[[146,1]]},"bitsandbytes":{"df":1,"idf":4.974432245432295,"postings":[[149,1]]},"com":{"df":1,"idf":4.974432245432295,"postings":[[152,1]]},"candle":{"df":1,"idf":4.974432245432295,"postings":[[157,1]]},"technical":{"df":1,"idf":4.974432245432295,"postings":[[160,1]]},"347":{"df":1,"idf":4.974432245432295,"postings":[[162,1]]},"supreme":{"df":4,"idf":3.8758199567641856,"postings":[[163,1],[174,1],[189,1],[193,1]]},"argued":{"df":8,"idf":3.239831190044189,"postings":[[163,1],[164,4],[166,1],[167,1],[168,1],[169,1],[170,1],[189,3]]},"appeal":{"df":5,"idf":3.6751492613020345,"postings":[[163,1],[189,2],[190,1],[191,1],[192,1]]},"hayes":{"df":1,"idf":4.974432245432295,"postings":[[165,1]]},"charles":{"df":1,"idf":4.974432245432295,"postings":[[165,1]]},"archibald":{"df":1,"idf":4.974432245432295,"postings":[[168,1]]},"edward":{"df":3,"idf":4.127134385045092,"postings":[[168,1],[189,1],[192,1]]},"schoch":{"df":1,"idf":4.974432245432295,"postings":[[170,1]]},"karelsen":{"df":1,"idf":4.974432245432295,"postings":[[171,1]]},"saburo":{"df":1,"idf":4.974432245432295,"postings":[[171,1]]},"kido":{"df":1,"idf":4.974432245432295,"postings":[[171,1]]},"civil":{"df":2,"idf":4.463606621666305,"postings":[[171,1],[198,1]]},"union":{"df":1,"idf":4.974432245432295,"postings":[[171,1]]},"indritz":{"df":1,"idf":4.974432245432295,"postings":[[171,1]]},"negro":{"df":14,"idf":2.705748704113931,"postings":[[174,2],[178,3],[179,2],[183,2],[184,2],[190,4],[191,2],[192,2],[193,5],[196,1],[202,4],[204,1],[205,1],[208,1]]},"white":{"df":14,"idf":2.705748704113931,"postings":[[174,2],[177,1],[178,1],[179,2],[183,1],[184,1],[190,2],[191,2],[192,1],[193,3],[198,2],[202,1],[204,1],[205,1]]},"laws":{"df":8,"idf":3.239831190044189,"postings":[[174,2],[175,1],[180,1],[181,1],[186,1],[187,1],[196,2],[198,2]]},"called":{"df":1,"idf":4.974432245432295,"postings":[[174,1]]},"importance":{"df":2,"idf":4.463606621666305,"postings":[[175,1],[181,1]]},"views":{"df":3,"idf":4.127134385045092,"postings":[[176,1],[183,1],[191,1]]},"best":{"df":1,"idf":4.974432245432295,"postings":[[176,1]]},"distinctions":{"df":2,"idf":4.463606621666305,"postings":[[176,1],[209,1]]},"490":{"df":1,"idf":4.974432245432295,"postings":[[177,2]]},"hands":{"df":1,"idf":4.974432245432295,"postings":[[177,1]]},"groups":{"df":1,"idf":4.974432245432295,"postings":[[177,1]]},"today":{"df":2,"idf":4.463606621666305,"postings":[[177,2],[181,2]]},"business":{"df":1,"idf":4.974432245432295,"postings":[[177,1]]},"little":{"df":1,"idf":4.974432245432295,"postings":[[177,1]]},"make":{"df":2,"idf":4.463606621666305,"postings":[[178,1],[183,1]]},"challenged":{"df":1,"idf":4.974432245432295,"postings":[[178,1]]},"305":{"df":1,"idf":4.974432245432295,"postings":[[178,1]]},"necessary":{"df":2,"idf":4.463606621666305,"postings":[[178,1],[198,1]]},"examine":{"df":1,"idf":4.974432245432295,"postings":[[178,1]]},"expressly":{"df":1,"idf":4.974432245432295,"postings":[[178,1]]},"therefore":{"df":3,"idf":4.127134385045092,"postings":[[179,1],[184,1],[186,1]]},"instead":{"df":1,"idf":4.974432245432295,"postings":[[179,1]]},"throughout":{"df":1,"idf":4.974432245432295,"postings":[[180,1]]},"forces":{"df":1,"idf":4.974432245432295,"postings":[[181,1]]},"training":{"df":2,"idf":4.463606621666305,"postings":[[181,1],[193,1]]},"doubtful":{"df":1,"idf":4.974432245432295,"postings":[[181,1]]},"expected":{"df":1,"idf":4.974432245432295,"postings":[[181,1]]},"terms":{"df":4,"idf":3.8758199567641856,"postings":[[181,1],[195,1],[213,1],[214,1]]},"resorted":{"df":1,"idf":4.974432245432295,"postings":[[183,1]]},"retard":{"df":1,"idf":4.974432245432295,"postings":[[184,1]]},"495":{"df":1,"idf":4.974432245432295,"postings":[[185,2]]},"belton":{"df":2,"idf":4.463606621666305,"postings":[[189,1],[193,1]]},"stat":{"df":1,"idf":4.974432245432295,"postings":[[190,1]]},"1253":{"df":3,"idf":4.127134385045092,"postings":[[190,1],[191,1],[192,1]]},"except":{"df":1,"idf":4.974432245432295,"postings":[[191,1]]},"1950":{"df":2,"idf":4.463606621666305,"postings":[[192,1],[205,1]]},"immediate":{"df":1,