{"terms":{"ai":{"df":3,"idf":4.3712545376919705,"postings":[[0,2],[129,1],[161,3]]},"node":{"df":4,"idf":4.119940109411065,"postings":[[0,1],[1,1],[12,1],[161,1]]},"6gb":{"df":4,"idf":4.119940109411065,"postings":[[0,1],[3,1],[36,1],[154,1]]},"operates":{"df":1,"idf":5.218552398079174,"postings":[[0,1]]},"hardware":{"df":3,"idf":4.3712545376919705,"postings":[[0,1],[12,1],[63,1]]},"code":{"df":7,"idf":3.609114485645074,"postings":[[1,1],[19,1],[82,2],[84,2],[191,2],[192,2],[193,2]]},"sequential":{"df":3,"idf":4.3712545376919705,"postings":[[2,1],[34,1],[37,1]]},"quantized":{"df":1,"idf":5.218552398079174,"postings":[[2,1]]},"that":{"df":26,"idf":2.346872773195162,"postings":[[2,1],[3,1],[38,1],[174,3],[175,2],[176,1],[177,3],[178,1],[179,2],[181,1],[182,1],[183,3],[186,2],[187,2],[190,3],[191,3],[193,5],[196,2],[198,4],[200,1],[202,1],[203,4],[204,1],[207,1],[208,1],[210,1]]},"optimizations":{"df":1,"idf":5.218552398079174,"postings":[[5,1]]},"scaffolding":{"df":2,"idf":4.707726774313183,"postings":[[6,1],[55,1]]},"switching":{"df":1,"idf":5.218552398079174,"postings":[[7,1]]},"server":{"df":1,"idf":5.218552398079174,"postings":[[8,1]]},"evicts":{"df":1,"idf":5.218552398079174,"postings":[[8,1]]},"completion":{"df":2,"idf":4.707726774313183,"postings":[[11,1],[52,1]]},"reloads":{"df":2,"idf":4.707726774313183,"postings":[[11,1],[122,1]]},"analogue":{"df":1,"idf":5.218552398079174,"postings":[[13,1]]},"state":{"df":24,"idf":2.425344388636657,"postings":[[14,2],[15,2],[16,1],[29,1],[54,1],[81,1],[88,1],[93,1],[98,1],[104,1],[168,1],[176,1],[178,2],[181,2],[183,1],[191,1],[192,1],[193,1],[196,1],[198,1],[200,1],[202,1],[203,1],[204,1]]},"stateless":{"df":1,"idf":5.218552398079174,"postings":[[14,1]]},"receives":{"df":2,"idf":4.707726774313183,"postings":[[15,2],[16,1]]},"critique":{"df":5,"idf":3.9192694139489133,"postings":[[15,1],[18,1],[93,1],[99,1],[104,1]]},"values":{"df":2,"idf":4.707726774313183,"postings":[[18,1],[181,1]]},"minimums":{"df":1,"idf":5.218552398079174,"postings":[[18,1]]},"raises":{"df":1,"idf":5.218552398079174,"postings":[[19,1]]},"throttle":{"df":2,"idf":4.707726774313183,"postings":[[20,2],[79,1]]},"80w":{"df":1,"idf":5.218552398079174,"postings":[[20,1]]},"capped":{"df":1,"idf":5.218552398079174,"postings":[[20,1]]},"metadata":{"df":1,"idf":5.218552398079174,"postings":[[21,1]]},"self":{"df":2,"idf":4.707726774313183,"postings":[[22,1],[33,1]]},"words":{"df":2,"idf":4.707726774313183,"postings":[[25,1],[198,1]]},"overlap":{"df":1,"idf":5.218552398079174,"postings":[[25,1]]},"targeted":{"df":1,"idf":5.218552398079174,"postings":[[29,1]]},"behind":{"df":1,"idf":5.218552398079174,"postings":[[30,1]]},"bot":{"df":4,"idf":4.119940109411065,"postings":[[30,1],[31,1],[127,1],[137,1]]},"across":{"df":1,"idf":5.218552398079174,"postings":[[30,2]]},"handlers":{"df":1,"idf":5.218552398079174,"postings":[[30,1]]},"exists":{"df":1,"idf":5.218552398079174,"postings":[[31,1]]},"45":{"df":2,"idf":4.707726774313183,"postings":[[33,1],[201,1]]},"rather":{"df":1,"idf":5.218552398079174,"postings":[[33,1]]},"would":{"df":3,"idf":4.3712545376919705,"postings":[[34,1],[184,1],[208,1]]},"f":{"df":6,"idf":3.752215329285747,"postings":[[35,1],[144,1],[190,1],[191,2],[192,1],[203,3]]},"within":{"df":3,"idf":4.3712545376919705,"postings":[[36,1],[198,1],[208,1]]},"sections":{"df":7,"idf":3.609114485645074,"postings":[[38,1],[41,1],[44,1],[52,1],[53,1],[118,1],[196,1]]},"i":{"df":11,"idf":3.1816704708181343,"postings":[[45,1],[196,1],[204,1],[221,4],[222,1],[224,5],[227,4],[264,1],[267,1],[271,2],[274,2]]},"future":{"df":1,"idf":5.218552398079174,"postings":[[52,1]]},"successful":{"df":2,"idf":4.707726774313183,"postings":[[52,1],[193,1]]},"motorcortex":{"df":1,"idf":5.218552398079174,"postings":[[84,1]]},"2048":{"df":1,"idf":5.218552398079174,"postings":[[98,1]]},"been":{"df":10,"idf":3.272642249023861,"postings":[[124,1],[174,1],[178,1],[179,1],[185,1],[186,1],[191,1],[193,1],[200,1],[203,2]]},"index":{"df":1,"idf":5.218552398079174,"postings":[[146,1]]},"xformers":{"df":1,"idf":5.218552398079174,"postings":[[149,1]]},"github":{"df":1,"idf":5.218552398079174,"postings":[[152,1]]},"argument":{"df":8,"idf":3.4839513426910678,"postings":[[164,4],[166,1],[167,1],[168,1],[169,1],[170,1],[175,1],[187,1]]},"spottswood":{"df":2,"idf":4.707726774313183,"postings":[[164,1],[165,1]]},"robinson":{"df":2,"idf":4.707726774313183,"postings":[[164,1],[165,1]]},"10":{"df":12,"idf":3.098288861879083,"postings":[[164,1],[165,1],[169,1],[170,2],[171,1],[184,1],[189,3],[193,1],[204,1],[224,1],[267,1],[268,1]]},"baker":{"df":1,"idf":5.218552398079174,"postings":[[165,1]]},"g":{"df":6,"idf":3.752215329285747,"postings":[[168,1],[196,1],[264,2],[265,1],[267,3],[268,1]]},"amici":{"df":2,"idf":4.707726774313183,"postings":[[171,2],[187,1]]},"borchardt":{"df":1,"idf":5.218552398079174,"postings":[[171,1]]},"teachers":{"df":3,"idf":4.3712545376919705,"postings":[[171,1],[179,1],[190,1]]},"goldberg":{"df":1,"idf":5.218552398079174,"postings":[[171,1]]},"486":{"df":1,"idf":5.218552398079174,"postings":[[171,2]]},"mr":{"df":1,"idf":5.218552398079174,"postings":[[172,1]]},"public":{"df":18,"idf":2.7062467741030596,"postings":[[174,1],[175,1],[177,4],[178,2],[179,1],[180,2],[181,1],[182,1],[184,1],[186,1],[187,2],[190,2],[191,1],[192,1],[193,1],[196,5],[200,2],[207,1]]},"schools":{"df":16,"idf":2.8206571252808037,"postings":[[174,4],[175,1],[177,3],[179,2],[180,1],[182,1],[183,1],[184,1],[190,3],[191,4],[192,2],[193,5],[196,2],[200,1],[207,1],[208,1]]},"children":{"df":13,"idf":3.021327820742955,"postings":[[174,1],[177,1],[182,2],[183,1],[184,3],[190,2],[191,1],[192,1],[193,3],[202,3],[204,2],[205,1],[208,1]]},"equal":{"df":13,"idf":3.021327820742955,"postings":[[174,3],[175,3],[178,2],[180,1],[181,1],[182,2],[183,1],[186,2],[187,1],[190,1],[192,1],[198,2],[205,1]]},"federal":{"df":1,"idf":5.218552398079174,"postings":[[174,1]]},"treatment":{"df":1,"idf":5.218552398079174,"postings":[[174,1]]},"substantially":{"df":5,"idf":3.9192694139489133,"postings":[[174,1],[190,1],[192,1],[196,1],[204,1]]},"be":{"df":14,"idf":2.94986885676081,"postings":[[174,2],[175,1],[176,1],[177,1],[178,1],[180,1],[181,2],[182,1],[183,2],[187,2],[193,1],[198,2],[208,1],[209,1]]},"because":{"df":5,"idf":3.9192694139489133,"postings":[[174,1],[175,1],[183,1],[187,3],[198,1]]},"largely":{"df":2,"idf":4.707726774313183,"postings":[[176,1],[177,1]]},"exhaustively":{"df":1,"idf":5.218552398079174,"postings":[[176,1]]},"investigation":{"df":1,"idf":5.218552398079174,"postings":[[176,1]]},"antagonistic":{"df":1,"idf":5.218552398079174,"postings":[[176,1]]},"spirit":{"df":1,"idf":5.218552398079174,"postings":[[176,1]]},"effect":{"df":7,"idf":3.609114485645074,"postings":[[176,1],[177,2],[179,1],[183,1],[184,1],[190,1],[205,1]]},"respect":{"df":4,"idf":4.119940109411065,"postings":[[177,1],[179,1],[190,1],[193,1]]},"toward":{"df":2,"idf":4.707726774313183,"postings":[[177,1],[196,1]]},"almost":{"df":1,"idf":5.218552398079174,"postings":[[177,1]]},"illiterate":{"df":1,"idf":5.218552398079174,"postings":[[177,1]]},"contrast":{"df":1,"idf":5.218552398079174,"postings":[[177,1]]},"months":{"df":1,"idf":5.218552398079174,"postings":[[177,1]]},"shortly":{"df":1,"idf":5.218552398079174,"postings":[[178,1]]},"involving":{"df":1,"idf":5.218552398079174,"postings":[[178,2]]},"492":{"df":1,"idf":5.218552398079174,"postings":[[178,2]]},"gaines":{"df":1,"idf":5.218552398079174,"postings":[[178,1]]},"inapplicable":{"df":1,"idf":5.218552398079174,"postings":[[178,1]]},"directly":{"df":1,"idf":5.218552398079174,"postings":[[179,1]]},"approaching":{"df":1,"idf":5.218552398079174,"postings":[[180,1]]},"present":{"df":2,"idf":4.707726774313183,"postings":[[180,1],[187,1]]},"nation":{"df":1,"idf":5.218552398079174,"postings":[[180,1]]},"perhaps":{"df":1,"idf":5.218552398079174,"postings":[[181,1]]},"important":{"df":1,"idf":5.218552398079174,"postings":[[181,1]]},"cultural":{"df":1,"idf":5.218552398079174,"postings":[[181,1]]},