{"terms":{"run":{"df":6,"idf":3.5080951766388684,"postings":[[0,1],[7,1],[33,3],[34,1],[65,1],[69,2]]},"anthropic":{"df":1,"idf":4.974432245432295,"postings":[[0,1]]},"parameter":{"df":2,"idf":4.463606621666305,"postings":[[2,1],[36,1]]},"quality":{"df":1,"idf":4.974432245432295,"postings":[[2,1]]},"all":{"df":13,"idf":2.777207668096076,"postings":[[3,1],[30,1],[38,1],[42,1],[176,2],[177,1],[178,2],[181,1],[183,1],[192,1],[196,3],[198,1],[203,1]]},"in":{"df":53,"idf":1.4002156996384987,"postings":[[3,1],[4,1],[6,1],[16,1],[21,1],[32,2],[33,1],[34,1],[53,1],[58,1],[65,1],[69,1],[138,1],[155,1],[164,5],[165,5],[166,1],[167,3],[168,3],[169,1],[170,4],[171,3],[173,1],[174,6],[175,1],[176,6],[177,13],[178,11],[179,3],[180,5],[181,7],[182,1],[183,12],[184,2],[185,1],[186,1],[187,5],[190,5],[191,6],[192,8],[193,8],[196,17],[198,3],[200,6],[202,2],[203,6],[204,4],[205,3],[207,1],[209,1],[210,1],[211,1],[214,2]]},"commonly":{"df":1,"idf":4.974432245432295,"postings":[[5,1]]},"probe":{"df":2,"idf":4.463606621666305,"postings":[[6,1],[19,1]]},"cache":{"df":2,"idf":4.463606621666305,"postings":[[9,1],[71,1]]},"available":{"df":4,"idf":3.8758199567641856,"postings":[[10,1],[20,1],[181,1],[204,1]]},"request":{"df":2,"idf":4.463606621666305,"postings":[[11,1],[187,1]]},"isolation":{"df":1,"idf":4.974432245432295,"postings":[[15,1]]},"zone":{"df":2,"idf":4.463606621666305,"postings":[[16,1],[18,1]]},"any":{"df":8,"idf":3.239831190044189,"postings":[[18,1],[31,1],[176,1],[177,1],[181,1],[185,1],[186,1],[198,2]]},"192":{"df":1,"idf":4.974432245432295,"postings":[[18,1]]},"logged":{"df":1,"idf":4.974432245432295,"postings":[[18,1]]},"enabled":{"df":1,"idf":4.974432245432295,"postings":[[19,1]]},"requires":{"df":1,"idf":4.974432245432295,"postings":[[19,1]]},"root":{"df":3,"idf":4.127134385045092,"postings":[[19,1],[32,1],[35,1]]},"125w":{"df":1,"idf":4.974432245432295,"postings":[[20,1]]},"response":{"df":3,"idf":4.127134385045092,"postings":[[21,1],[73,1],[75,1]]},"an":{"df":9,"idf":3.1286055549339644,"postings":[[21,1],[31,1],[53,1],[177,1],[181,2],[193,1],[202,1],[205,1],[209,1]]},"mediocre":{"df":1,"idf":4.974432245432295,"postings":[[22,1]]},"better":{"df":1,"idf":4.974432245432295,"postings":[[22,1]]},"extraction":{"df":1,"idf":4.974432245432295,"postings":[[27,1]]},"pdftotext":{"df":1,"idf":4.974432245432295,"postings":[[27,1]]},"cosine":{"df":1,"idf":4.974432245432295,"postings":[[28,1]]},"generates":{"df":3,"idf":4.127134385045092,"postings":[[29,1],[36,1],[183,1]]},"initialised":{"df":1,"idf":4.974432245432295,"postings":[[30,1]]},"preserving":{"df":1,"idf":4.974432245432295,"postings":[[30,1]]},"repository":{"df":1,"idf":4.974432245432295,"postings":[[32,1]]},"can":{"df":3,"idf":4.127134385045092,"postings":[[33,1],[52,1],[180,1]]},"control":{"df":2,"idf":4.463606621666305,"postings":[[35,1],[55,1]]},"aggressive":{"df":1,"idf":4.974432245432295,"postings":[[36,1]]},"primary":{"df":2,"idf":4.463606621666305,"postings":[[38,1],[187,1]]},"cfg":{"df":5,"idf":3.6751492613020345,"postings":[[39,1],[40,1],[44,1],[48,1],[49,1]]},"infill":{"df":1,"idf":4.974432245432295,"postings":[[41,1]]},"slicing":{"df":1,"idf":4.974432245432295,"postings":[[42,1]]},"correction":{"df":1,"idf":4.974432245432295,"postings":[[44,1]]},"accumulate":{"df":1,"idf":4.974432245432295,"postings":[[44,1]]},"distance":{"df":4,"idf":3.8758199567641856,"postings":[[44,1],[45,1],[47,1],[193,1]]},"throttling":{"df":1,"idf":4.974432245432295,"postings":[[54,1]]},"execute":{"df":1,"idf":4.974432245432295,"postings":[[84,1]]},"55":{"df":2,"idf":4.463606621666305,"postings":[[103,1],[104,1]]},"instruct":{"df":1,"idf":4.974432245432295,"postings":[[132,1]]},"m":{"df":4,"idf":3.8758199567641856,"postings":[[132,1],[165,2],[170,1],[171,1]]},"whl":{"df":1,"idf":4.974432245432295,"postings":[[146,1]]},"17":{"df":1,"idf":4.974432245432295,"postings":[[163,1]]},"were":{"df":13,"idf":2.777207668096076,"postings":[[165,2],[167,1],[168,1],[170,1],[171,2],[176,1],[177,2],[178,1],[190,1],[191,2],[193,2],[196,2],[203,1]]},"brief":{"df":3,"idf":4.127134385045092,"postings":[[165,1],[170,2],[203,1]]},"fatzer":{"df":1,"idf":4.974432245432295,"postings":[[166,1]]},"riely":{"df":1,"idf":4.974432245432295,"postings":[[168,1]]},"reversal":{"df":1,"idf":4.974432245432295,"postings":[[170,2]]},"theodore":{"df":1,"idf":4.974432245432295,"postings":[[171,1]]},"organizations":{"df":1,"idf":4.974432245432295,"postings":[[171,1]]},"chief":{"df":1,"idf":4.974432245432295,"postings":[[172,1]]},"representatives":{"df":1,"idf":4.974432245432295,"postings":[[174,1]]},"protection":{"df":6,"idf":3.5080951766388684,"postings":[[174,1],[175,1],[180,1],[186,1],[187,1],[198,2]]},"judge":{"df":4,"idf":3.8758199567641856,"postings":[[174,1],[190,1],[191,1],[192,1]]},"circumstances":{"df":1,"idf":4.974432245432295,"postings":[[176,1]]},"sources":{"df":1,"idf":4.974432245432295,"postings":[[176,1]]},"legislatures":{"df":1,"idf":4.974432245432295,"postings":[[176,1]]},"nature":{"df":1,"idf":4.974432245432295,"postings":[[177,1]]},"many":{"df":1,"idf":4.974432245432295,"postings":[[177,2]]},"outstanding":{"df":1,"idf":4.974432245432295,"postings":[[177,1]]},"imposed":{"df":2,"idf":4.463606621666305,"postings":[[178,1],[204,1]]},"337":{"df":3,"idf":4.127134385045092,"postings":[[178,1],[192,1],[203,1]]},"adopted":{"df":2,"idf":4.463606621666305,"postings":[[180,1],[196,1]]},"added":{"df":1,"idf":4.974432245432295,"postings":[[183,1]]},"minds":{"df":1,"idf":4.974432245432295,"postings":[[183,1]]},"unlikely":{"df":1,"idf":4.974432245432295,"postings":[[183,1]]},"separation":{"df":1,"idf":4.974432245432295,"postings":[[183,1]]},"stated":{"df":1,"idf":4.974432245432295,"postings":[[183,1]]},"upon":{"df":3,"idf":4.127134385045092,"postings":[[184,1],[187,1],[190,1]]},"impact":{"df":1,"idf":4.974432245432295,"postings":[[184,1]]},"ly":{"df":1,"idf":4.974432245432295,"postings":[[184,1]]},"extent":{"df":1,"idf":4.974432245432295,"postings":[[185,1]]},"whom":{"df":1,"idf":4.974432245432295,"postings":[[186,1]]},"violates":{"df":2,"idf":4.463606621666305,"postings":[[186,1],[207,1]]},"decrees":{"df":5,"idf":3.6751492613020345,"postings":[[187,2],[211,1],[212,1],[213,1],[214,3]]},"presents":{"df":1,"idf":4.974432245432295,"postings":[[187,1]]},"constitutionality":{"df":1,"idf":4.974432245432295,"postings":[[187,1]]},"15":{"df":2,"idf":4.463606621666305,"postings":[[187,1],[190,1]]},"certiorari":{"df":2,"idf":4.463606621666305,"postings":[[189,1],[193,1]]},"enforcement":{"df":4,"idf":3.8758199567641856,"postings":[[190,1],[191,1],[192,1],[193,1]]},"maintain":{"df":1,"idf":4.974432245432295,"postings":[[190,1]]},"provisions":{"df":3,"idf":4.127134385045092,"postings":[[191,2],[192,2],[193,1]]},"inferior":{"df":4,"idf":3.8758199567641856,"postings":[[191,1],[192,1],[193,2],[204,1]]},"137":{"df":2,"idf":4.463606621666305,"postings":[[193,1],[203,1]]},"viii":{"df":1,"idf":4.974432245432295,"postings":[[196,1]]},"gain":{"df":1,"idf":4.974432245432295,"postings":[[196,1]]},"reasons":{"df":1,"idf":4.974432245432295,"postings":[[196,1]]},"particularly":{"df":1,"idf":4.974432245432295,"postings":[[196,1]]},"house":{"df":2,"idf":4.463606621666305,"postings":[[197,1],[205,1]]},"36":{"df":1,"idf":4.974432245432295,"postings":[[197,1]]},"100":{"df":2,"idf":4.463606621666305,"postings":[[197,1],[199,2]]},"person":{"df":1,"idf":4.974432245432295,"postings":[[198,2]]},"color":{"df":2,"idf":4.463606621666305,"postings":[[198,1],[209,1]]},"constitutional":{"df":1,"idf":4.974432245432295,"postings":[[200,1]]},"injunction":{"df":1,"idf":4.974432245432295,"postings":[[202,1]]},"chinese":{"df":1,"idf":4.974432245432295,"postings":[[202,1]]},"26":{"df":1,"idf":4.974432245432295,"postings":[[205,1]]},"formulate":{"df":1,"idf":4.974432245432295,"postings":[[211,1]]}}}