{"terms":{"architecture":{"df":4,"idf":3.8758199567641856,"postings":[[0,1],[2,1],[13,1],[161,1]]},"cloud":{"df":1,"idf":4.974432245432295,"postings":[[0,1]]},"modules":{"df":1,"idf":4.974432245432295,"postings":[[1,1]]},"approximately":{"df":2,"idf":4.463606621666305,"postings":[[1,1],[7,1]]},"production":{"df":1,"idf":4.974432245432295,"postings":[[1,1]]},"plus":{"df":1,"idf":4.974432245432295,"postings":[[1,1]]},"multi":{"df":1,"idf":4.974432245432295,"postings":[[2,1]]},"models":{"df":1,"idf":4.974432245432295,"postings":[[2,1]]},"size":{"df":1,"idf":4.974432245432295,"postings":[[2,1]]},"generation":{"df":6,"idf":3.5080951766388684,"postings":[[3,1],[7,1],[14,1],[36,1],[37,1],[38,1]]},"which":{"df":12,"idf":2.854168709232204,"postings":[[3,1],[8,1],[176,1],[181,1],[183,3],[190,1],[191,1],[192,1],[193,2],[198,2],[204,1],[210,1]]},"card":{"df":2,"idf":4.463606621666305,"postings":[[4,1],[6,1]]},"do":{"df":2,"idf":4.463606621666305,"postings":[[4,1],[187,1]]},"several":{"df":1,"idf":4.974432245432295,"postings":[[5,1]]},"or":{"df":13,"idf":2.777207668096076,"postings":[[6,1],[11,1],[19,1],[36,1],[79,1],[165,1],[174,1],[176,1],[179,1],[180,1],[187,1],[198,4],[208,1]]},"capability":{"df":1,"idf":4.974432245432295,"postings":[[6,1]]},"backend":{"df":1,"idf":4.974432245432295,"postings":[[6,1]]},"they":{"df":11,"idf":2.937550318171255,"postings":[[7,1],[173,1],[174,1],[175,1],[176,1],[184,1],[190,1],[191,1],[192,1],[193,1],[198,1]]},"eviction":{"df":1,"idf":4.974432245432295,"postings":[[9,1]]},"central":{"df":1,"idf":4.974432245432295,"postings":[[14,1]]},"as":{"df":23,"idf":2.2228969323903462,"postings":[[14,1],[15,2],[19,1],[28,1],[55,1],[124,1],[140,1],[165,1],[170,2],[176,1],[177,3],[178,1],[183,1],[184,1],[187,1],[191,1],[192,1],[195,1],[196,1],[198,2],[200,1],[203,1],[204,1]]},"content":{"df":2,"idf":4.463606621666305,"postings":[[15,1],[26,1]]},"prior":{"df":2,"idf":4.463606621666305,"postings":[[15,1],[196,1]]},"based":{"df":5,"idf":3.6751492613020345,"postings":[[20,1],[36,1],[44,1],[209,1],[210,1]]},"memorize":{"df":2,"idf":4.463606621666305,"postings":[[21,1],[106,2]]},"stores":{"df":2,"idf":4.463606621666305,"postings":[[21,1],[23,1]]},"creates":{"df":1,"idf":4.974432245432295,"postings":[[22,1]]},"overwritten":{"df":1,"idf":4.974432245432295,"postings":[[22,1]]},"store":{"df":1,"idf":4.974432245432295,"postings":[[22,1]]},"isolated":{"df":1,"idf":4.974432245432295,"postings":[[23,1]]},"file":{"df":3,"idf":4.127134385045092,"postings":[[26,1],[52,1],[142,1]]},"pdfminer":{"df":2,"idf":4.463606621666305,"postings":[[27,1],[150,1]]},"messages":{"df":2,"idf":4.463606621666305,"postings":[[31,1],[34,2]]},"sender":{"df":2,"idf":4.463606621666305,"postings":[[31,1],[58,1]]},"hardcoded":{"df":1,"idf":4.974432245432295,"postings":[[32,1]]},"offline":{"df":1,"idf":4.974432245432295,"postings":[[34,1]]},"account":{"df":1,"idf":4.974432245432295,"postings":[[35,1]]},"loops":{"df":1,"idf":4.974432245432295,"postings":[[35,1]]},"sudo":{"df":4,"idf":3.8758199567641856,"postings":[[35,1],[141,1],[143,1],[144,1]]},"offload":{"df":1,"idf":4.974432245432295,"postings":[[36,1]]},"phases":{"df":1,"idf":4.974432245432295,"postings":[[37,1]]},"mechanism":{"df":2,"idf":4.463606621666305,"postings":[[38,1],[44,1]]},"sequences":{"df":1,"idf":4.974432245432295,"postings":[[38,1]]},"7":{"df":8,"idf":3.239831190044189,"postings":[[49,2],[50,1],[88,1],[140,1],[178,1],[189,2],[191,1],[201,1]]},"24fps":{"df":1,"idf":4.974432245432295,"postings":[[53,1]]},"frequency":{"df":1,"idf":4.974432245432295,"postings":[[54,1]]},"status":{"df":5,"idf":3.6751492613020345,"postings":[[63,1],[64,1],[177,1],[183,1],[196,1]]},"hit":{"df":2,"idf":4.463606621666305,"postings":[[76,1],[89,1]]},"sensorycortex":{"df":4,"idf":3.8758199567641856,"postings":[[78,1],[86,1],[91,1],[96,1]]},"cp":{"df":2,"idf":4.463606621666305,"postings":[[136,1],[141,1]]},"foreground":{"df":1,"idf":4.974432245432295,"postings":[[138,1]]},"accelerate":{"df":1,"idf":4.974432245432295,"postings":[[148,1]]},"git":{"df":1,"idf":4.974432245432295,"postings":[[152,1]]},"report":{"df":2,"idf":4.463606621666305,"postings":[[160,1],[191,1]]},"board":{"df":6,"idf":3.5080951766388684,"postings":[[162,1],[178,1],[189,1],[190,2],[192,1],[202,2]]},"education":{"df":13,"idf":2.777207668096076,"postings":[[162,1],[177,7],[178,4],[179,1],[180,1],[181,4],[186,1],[187,2],[190,3],[193,1],[196,6],[200,1],[204,1]]},"1953":{"df":3,"idf":4.127134385045092,"postings":[[163,1],[189,3],[196,1]]},"district":{"df":6,"idf":3.5080951766388684,"postings":[[163,2],[174,1],[189,4],[190,3],[191,5],[192,3]]},"484":{"df":1,"idf":4.974432245432295,"postings":[[164,2]]},"thurgood":{"df":2,"idf":4.463606621666305,"postings":[[164,2],[165,1]]},"louis":{"df":3,"idf":4.127134385045092,"postings":[[164,1],[165,1],[169,1]]},"greenberg":{"df":2,"idf":4.463606621666305,"postings":[[164,2],[165,1]]},"jurisdiction":{"df":3,"idf":4.127134385045092,"postings":[[165,1],[175,1],[198,1]]},"wickham":{"df":1,"idf":4.974432245432295,"postings":[[168,1]]},"urging":{"df":1,"idf":4.974432245432295,"postings":[[170,2]]},"jewish":{"df":1,"idf":4.974432245432295,"postings":[[171,1]]},"warren":{"df":1,"idf":4.974432245432295,"postings":[[172,1]]},"opinion":{"df":3,"idf":4.127134385045092,"postings":[[172,1],[173,1],[205,2]]},"conditions":{"df":4,"idf":3.8758199567641856,"postings":[[173,1],[177,1],[187,1],[205,1]]},"common":{"df":2,"idf":4.463606621666305,"postings":[[173,1],[177,2]]},"segregation":{"df":16,"idf":2.576536972633925,"postings":[[174,2],[176,1],[179,1],[180,1],[182,1],[184,2],[186,2],[187,3],[190,1],[191,1],[192,1],[193,2],[200,4],[204,1],[205,2],[207,1]]},"according":{"df":1,"idf":4.974432245432295,"postings":[[174,1]]},"alleged":{"df":1,"idf":4.974432245432295,"postings":[[174,1]]},"amendment":{"df":10,"idf":3.028522096376982,"postings":[[174,1],[176,3],[177,4],[178,1],[180,1],[186,2],[196,3],[198,2],[206,1],[207,1]]},"races":{"df":2,"idf":4.463606621666305,"postings":[[174,1],[184,1]]},"discussion":{"df":2,"idf":4.463606621666305,"postings":[[176,1],[186,1]]},"problem":{"df":3,"idf":4.127134385045092,"postings":[[176,1],[180,1],[200,1]]},"faced":{"df":1,"idf":4.974432245432295,"postings":[[176,1]]},"free":{"df":2,"idf":4.463606621666305,"postings":[[177,1],[196,1]]},"fact":{"df":1,"idf":4.974432245432295,"postings":[[177,1]]},"further":{"df":3,"idf":4.127134385045092,"postings":[[177,1],[187,1],[210,1]]},"north":{"df":3,"idf":4.127134385045092,"postings":[[177,2],[196,2],[200,1]]},"virtually":{"df":2,"idf":4.463606621666305,"postings":[[177,1],[196,1]]},"proscribing":{"df":1,"idf":4.974432245432295,"postings":[[178,1]]},"transportation":{"df":3,"idf":4.127134385045092,"postings":[[178,1],[190,1],[192,2]]},"field":{"df":2,"idf":4.463606621666305,"postings":[[178,1],[186,1]]},"cumming":{"df":2,"idf":4.463606621666305,"postings":[[178,1],[202,1]]},"rice":{"df":1,"idf":4.974432245432295,"postings":[[178,1]]},"graduate":{"df":2,"idf":4.463606621666305,"postings":[[178,1],[183,1]]},"mclaurin":{"df":2,"idf":4.463606621666305,"postings":[[178,1],[183,1]]},"buildings":{"df":3,"idf":4.127134385045092,"postings":[[179,1],[190,1],[191,1]]},"good":{"df":2,"idf":4.463606621666305,"postings":[[181,1],[203,1]]},"citizenship":{"df":1,"idf":4.974432245432295,"postings":[[181,1]]},"normally":{"df":1,"idf":4.974432245432295,"postings":[[181,1]]},"his":{"df":3,"idf":4.127134385045092,"postings":[[181,1],[183,2],[193,1]]},"could":{"df":1,"idf":4.974432245432295,"postings":[[183,1]]},"inferiority":{"df":3,"idf":4.127134385045092,"postings":[[183,1],[184,2],[198,1]]},"greater":{"df":1,"idf":4.974432245432295,"postings":[[184,1]]},"modern":{"df":1,"idf":4.974432245432295,"postings":[[185,1]]},"guaranteed":{"df":1,"idf":4.974432245432295,"postings":[[186,1]]},"disposition":{"df":1,"idf":4.974432245432295,"postings":[[186,1]]},"subordinated":{"df":1,"idf":4.974432245432295,"postings":[[187,1]]},"establish":{"df":1,"idf":4.974432245432295,"postings":[[190,1]]},"whites":{"df":3,