{"terms":{"gtx":{"df":2,"idf":4.463606621666305,"postings":[[0,1],[5,1]]},"runtime":{"df":1,"idf":4.974432245432295,"postings":[[0,1]]},"external":{"df":1,"idf":4.974432245432295,"postings":[[0,1]]},"openai":{"df":1,"idf":4.974432245432295,"postings":[[0,1]]},"500":{"df":1,"idf":4.974432245432295,"postings":[[1,1]]},"one":{"df":4,"idf":3.8758199567641856,"postings":[[2,1],[12,1],[42,1],[200,1]]},"large":{"df":2,"idf":4.463606621666305,"postings":[[2,2],[183,1]]},"running":{"df":1,"idf":4.974432245432295,"postings":[[2,1]]},"four":{"df":1,"idf":4.974432245432295,"postings":[[2,1]]},"section":{"df":8,"idf":3.239831190044189,"postings":[[3,1],[36,1],[39,1],[40,1],[52,1],[55,1],[116,1],[117,1]]},"cap":{"df":1,"idf":4.974432245432295,"postings":[[4,1]]},"without":{"df":4,"idf":3.8758199567641856,"postings":[[6,1],[34,1],[44,1],[198,1]]},"sends":{"df":1,"idf":4.974432245432295,"postings":[[8,1]]},"release":{"df":2,"idf":4.463606621666305,"postings":[[11,1],[122,1]]},"load":{"df":2,"idf":4.463606621666305,"postings":[[12,1],[113,2]]},"workload":{"df":1,"idf":4.974432245432295,"postings":[[12,1]]},"maps":{"df":2,"idf":4.463606621666305,"postings":[[13,1],[17,1]]},"innovation":{"df":1,"idf":4.974432245432295,"postings":[[14,1]]},"administrator":{"df":1,"idf":4.974432245432295,"postings":[[19,1]]},"object":{"df":1,"idf":4.974432245432295,"postings":[[21,1]]},"cached":{"df":3,"idf":4.127134385045092,"postings":[[22,1],[73,1],[75,1]]},"instance":{"df":3,"idf":4.127134385045092,"postings":[[23,1],[174,1],[214,2]]},"ingests":{"df":1,"idf":4.974432245432295,"postings":[[24,1]]},"pdf":{"df":2,"idf":4.463606621666305,"postings":[[24,1],[27,1]]},"safe":{"df":1,"idf":4.974432245432295,"postings":[[26,1]]},"top":{"df":1,"idf":4.974432245432295,"postings":[[28,1]]},"maximising":{"df":1,"idf":4.974432245432295,"postings":[[29,1]]},"search":{"df":2,"idf":4.463606621666305,"postings":[[29,1],[83,1]]},"confirmation":{"df":1,"idf":4.974432245432295,"postings":[[31,1]]},"checked":{"df":1,"idf":4.974432245432295,"postings":[[31,1]]},"processing":{"df":1,"idf":4.974432245432295,"postings":[[31,1]]},"bound":{"df":1,"idf":4.974432245432295,"postings":[[33,1]]},"unblocked":{"df":1,"idf":4.974432245432295,"postings":[[33,1]]},"stays":{"df":1,"idf":4.974432245432295,"postings":[[33,1]]},"during":{"df":3,"idf":4.127134385045092,"postings":[[33,1],[191,1],[192,1]]},"while":{"df":2,"idf":4.463606621666305,"postings":[[34,1],[35,1]]},"text":{"df":3,"idf":4.127134385045092,"postings":[[36,2],[55,1],[69,1]]},"structural":{"df":1,"idf":4.974432245432295,"postings":[[38,1]]},"denoising":{"df":1,"idf":4.974432245432295,"postings":[[44,1]]},"9":{"df":5,"idf":3.6751492613020345,"postings":[[51,1],[163,1],[179,1],[189,2],[203,1]]},"disk":{"df":1,"idf":4.974432245432295,"postings":[[52,1]]},"checkpoint":{"df":2,"idf":4.463606621666305,"postings":[[52,3],[118,1]]},"deleted":{"df":1,"idf":4.974432245432295,"postings":[[52,1]]},"completes":{"df":1,"idf":4.974432245432295,"postings":[[53,1]]},"25":{"df":1,"idf":4.974432245432295,"postings":[[54,1]]},"canonical":{"df":1,"idf":4.974432245432295,"postings":[[55,1]]},"id":{"df":3,"idf":4.127134385045092,"postings":[[58,1],[193,1],[196,1]]},"yes":{"df":1,"idf":4.974432245432295,"postings":[[60,1]]},"final":{"df":2,"idf":4.463606621666305,"postings":[[102,1],[106,1]]},"chars":{"df":1,"idf":4.974432245432295,"postings":[[108,1]]},"https":{"df":3,"idf":4.127134385045092,"postings":[[129,1],[146,1],[152,1]]},"k":{"df":2,"idf":4.463606621666305,"postings":[[132,1],[205,1]]},"repl":{"df":1,"idf":4.974432245432295,"postings":[[133,1]]},"lllyasviel":{"df":1,"idf":4.974432245432295,"postings":[[152,1]]},"483":{"df":1,"idf":4.974432245432295,"postings":[[162,1]]},"1954":{"df":4,"idf":3.8758199567641856,"postings":[[162,1],[163,1],[187,2],[215,1]]},"carter":{"df":2,"idf":4.463606621666305,"postings":[[164,1],[165,1]]},"r":{"df":3,"idf":4.127134385045092,"postings":[[165,2],[166,1],[167,1]]},"ming":{"df":1,"idf":4.974432245432295,"postings":[[165,1]]},"jr":{"df":3,"idf":4.127134385045092,"postings":[[165,2],[167,1],[168,3]]},"motley":{"df":1,"idf":4.974432245432295,"postings":[[165,1]]},"harold":{"df":2,"idf":4.463606621666305,"postings":[[165,1],[166,1]]},"loren":{"df":1,"idf":4.974432245432295,"postings":[[165,1]]},"statement":{"df":1,"idf":4.974432245432295,"postings":[[165,1]]},"john":{"df":3,"idf":4.127134385045092,"postings":[[167,1],[168,1],[171,1]]},"almond":{"df":1,"idf":4.974432245432295,"postings":[[168,2]]},"delaware":{"df":7,"idf":3.3649943329981946,"postings":[[169,1],[173,1],[174,3],[189,1],[193,4],[203,1],[204,2]]},"finger":{"df":1,"idf":4.974432245432295,"postings":[[169,1]]},"amicus":{"df":2,"idf":4.463606621666305,"postings":[[170,2],[195,1]]},"mcgranery":{"df":1,"idf":4.974432245432295,"postings":[[170,1]]},"forster":{"df":1,"idf":4.974432245432295,"postings":[[171,1]]},"thomas":{"df":1,"idf":4.974432245432295,"postings":[[171,1]]},"harris":{"df":1,"idf":4.974432245432295,"postings":[[171,1]]},"industrial":{"df":1,"idf":4.974432245432295,"postings":[[171,1]]},"justice":{"df":1,"idf":4.974432245432295,"postings":[[172,1]]},"premised":{"df":1,"idf":4.974432245432295,"postings":[[173,1]]},"justifies":{"df":1,"idf":4.974432245432295,"postings":[[173,1]]},"487":{"df":1,"idf":4.974432245432295,"postings":[[174,2]]},"case":{"df":10,"idf":3.028522096376982,"postings":[[174,2],[178,1],[183,1],[190,2],[191,3],[192,3],[193,1],[202,2],[203,4],[204,1]]},"devoted":{"df":1,"idf":4.974432245432295,"postings":[[176,1]]},"although":{"df":2,"idf":4.463606621666305,"postings":[[176,1],[196,1]]},"among":{"df":1,"idf":4.974432245432295,"postings":[[176,1]]},"letter":{"df":1,"idf":4.974432245432295,"postings":[[176,1]]},"success":{"df":1,"idf":4.974432245432295,"postings":[[177,1]]},"generally":{"df":3,"idf":4.127134385045092,"postings":[[177,1],[196,1],[205,1]]},"curriculum":{"df":1,"idf":4.974432245432295,"postings":[[177,1]]},"consequence":{"df":1,"idf":4.974432245432295,"postings":[[177,1]]},"relating":{"df":1,"idf":4.974432245432295,"postings":[[177,1]]},"more":{"df":3,"idf":4.127134385045092,"postings":[[178,1],[190,1],[214,1]]},"rel":{"df":1,"idf":4.974432245432295,"postings":[[178,1]]},"oklahoma":{"df":2,"idf":4.463606621666305,"postings":[[178,2],[183,1]]},"child":{"df":3,"idf":4.127134385045092,"postings":[[181,2],[184,1],[202,1]]},"helping":{"df":1,"idf":4.974432245432295,"postings":[[181,1]]},"group":{"df":2,"idf":4.463606621666305,"postings":[[182,1],[184,1]]},"treated":{"df":1,"idf":4.974432245432295,"postings":[[183,1]]},"learn":{"df":2,"idf":4.463606621666305,"postings":[[183,1],[184,1]]},"detrimental":{"df":2,"idf":4.463606621666305,"postings":[[184,1],[190,1]]},"inherently":{"df":1,"idf":4.974432245432295,"postings":[[186,1]]},"unequal":{"df":1,"idf":4.974432245432295,"postings":[[186,1]]},"brought":{"df":6,"idf":3.5080951766388684,"postings":[[186,1],[190,1],[191,1],[192,1],[193,1],[209,1]]},"problems":{"df":1,"idf":4.974432245432295,"postings":[[187,1]]},"appear":{"df":1,"idf":4.974432245432295,"postings":[[187,1]]},"000":{"df":1,"idf":4.974432245432295,"postings":[[190,1]]},"operated":{"df":1,"idf":4.974432245432295,"postings":[[190,1]]},"direct":{"df":3,"idf":4.127134385045092,"postings":[[190,1],[191,1],[192,1]]},"equalize":{"df":1,"idf":4.974432245432295,"postings":[[191,1]]},"221":{"df":1,"idf":4.974432245432295,"postings":[[192,1]]},"writ":{"df":1,"idf":4.974432245432295,"postings":[[193,1]]},"ii":{"df":1,"idf":4.974432245432295,"postings":[[196,2]]},"431":{"df":1,"idf":4.974432245432295,"postings":[[196,1]]},"doc":{"df":1,"idf":4.974432245432295,"postings":[[196,1]]},"315":{"df":1,"idf":4.974432245432295,"postings":[[196,1]]},"1873":{"df":1,"idf":4.974432245432295,"postings":[[197,1]]},"308":{"df":1,"idf":4.974432245432295,"postings":[[197,1]]},"1880":{"df":2,"idf":4.463606621666305,"postings":[[197,1],[199,2]]},"shall":{"df":1,"idf":4.974432245432295,"postings":[[198,4]]},"primarily":{"df":1,"idf":4.974432245432295,"postings":[[198,1]]},