{"terms":{"describes":{"df":1,"idf":5.218552398079174,"postings":[[0,1]]},"turing":{"df":3,"idf":4.3712545376919705,"postings":[[0,1],[3,1],[5,1]]},"deliberate":{"df":1,"idf":5.218552398079174,"postings":[[2,1]]},"produces":{"df":1,"idf":5.218552398079174,"postings":[[2,1]]},"constraint":{"df":1,"idf":5.218552398079174,"postings":[[3,2]]},"4096":{"df":2,"idf":4.707726774313183,"postings":[[4,1],[108,1]]},"prefrontalcortex":{"df":1,"idf":5.218552398079174,"postings":[[4,1]]},"preference":{"df":1,"idf":5.218552398079174,"postings":[[4,1]]},"resolve":{"df":2,"idf":4.707726774313183,"postings":[[6,1],[176,1]]},"post":{"df":3,"idf":4.3712545376919705,"postings":[[8,1],[176,1],[206,1]]},"lock":{"df":1,"idf":5.218552398079174,"postings":[[12,1]]},"by":{"df":21,"idf":2.5559645710537215,"postings":[[13,1],[22,1],[28,1],[34,1],[124,1],[170,1],[171,5],[174,2],[175,1],[176,1],[177,2],[178,1],[183,2],[185,1],[186,2],[187,3],[191,1],[193,2],[198,1],[202,1],[208,1]]},"original":{"df":7,"idf":3.609114485645074,"postings":[[13,1],[164,4],[166,1],[167,1],[168,1],[169,1],[170,1]]},"specification":{"df":1,"idf":5.218552398079174,"postings":[[13,1]]},"conversation":{"df":1,"idf":5.218552398079174,"postings":[[15,1]]},"draft":{"df":6,"idf":3.752215329285747,"postings":[[15,1],[16,1],[18,1],[88,1],[94,1],[99,1]]},"too":{"df":1,"idf":5.218552398079174,"postings":[[15,1]]},"scaling":{"df":2,"idf":4.707726774313183,"postings":[[16,1],[18,1]]},"50":{"df":2,"idf":4.707726774313183,"postings":[[16,1],[25,1]]},"retains":{"df":1,"idf":5.218552398079174,"postings":[[16,1]]},"three":{"df":9,"idf":3.3727257075808432,"postings":[[17,1],[174,1],[177,1],[190,1],[191,1],[192,1],[218,1],[230,1],[236,1]]},"c":{"df":21,"idf":2.5559645710537215,"postings":[[17,3],[79,1],[165,1],[167,1],[190,2],[191,4],[192,2],[200,1],[205,1],[213,1],[234,1],[236,4],[237,1],[240,3],[241,1],[243,3],[246,2],[247,1],[248,1],[250,2],[253,1]]},"smi":{"df":1,"idf":5.218552398079174,"postings":[[19,2]]},"stay":{"df":1,"idf":5.218552398079174,"postings":[[20,1]]},"memoryresult":{"df":1,"idf":5.218552398079174,"postings":[[21,1]]},"boolean":{"df":1,"idf":5.218552398079174,"postings":[[21,1]]},"healing":{"df":1,"idf":5.218552398079174,"postings":[[22,1]]},"subsequent":{"df":1,"idf":5.218552398079174,"postings":[[22,1]]},"csv":{"df":1,"idf":5.218552398079174,"postings":[[24,1]]},"chunk":{"df":1,"idf":5.218552398079174,"postings":[[25,1]]},"string":{"df":2,"idf":4.707726774313183,"postings":[[28,1],[29,1]]},"web":{"df":1,"idf":5.218552398079174,"postings":[[29,1]]},"acknowledgment":{"df":1,"idf":5.218552398079174,"postings":[[31,1]]},"loop":{"df":1,"idf":5.218552398079174,"postings":[[33,2]]},"executor":{"df":3,"idf":4.3712545376919705,"postings":[[33,1],[65,1],[69,1]]},"queued":{"df":2,"idf":4.707726774313183,"postings":[[33,1],[34,1]]},"polling":{"df":1,"idf":5.218552398079174,"postings":[[34,1]]},"frames":{"df":5,"idf":3.9192694139489133,"postings":[[38,1],[42,1],[44,1],[53,1],[119,1]]},"over":{"df":3,"idf":4.3712545376919705,"postings":[[38,1],[44,1],[178,1]]},"provides":{"df":1,"idf":5.218552398079174,"postings":[[55,1]]},"cmd":{"df":1,"idf":5.218552398079174,"postings":[[62,1]]},"metrics":{"df":1,"idf":5.218552398079174,"postings":[[64,1]]},"list":{"df":1,"idf":5.218552398079174,"postings":[[67,1]]},"plain":{"df":1,"idf":5.218552398079174,"postings":[[69,1]]},"ragstore":{"df":1,"idf":5.218552398079174,"postings":[[83,1]]},"have":{"df":9,"idf":3.3727257075808432,"postings":[[124,1],[176,1],[177,1],[178,2],[179,1],[185,1],[186,1],[187,2],[203,1]]},"fill":{"df":1,"idf":5.218552398079174,"postings":[[137,1]]},"e":{"df":17,"idf":2.76181662525787,"postings":[[153,1],[165,1],[166,1],[167,1],[171,2],[196,1],[218,1],[236,2],[240,2],[243,1],[246,1],[250,2],[253,2],[257,1],[260,1],[271,1],[274,1]]},"ls":{"df":1,"idf":5.218552398079174,"postings":[[159,1]]},"united":{"df":11,"idf":3.1816704708181343,"postings":[[163,2],[170,2],[176,1],[187,1],[189,2],[190,1],[191,1],[192,1],[195,1],[196,1],[205,1]]},"reargument":{"df":10,"idf":3.272642249023861,"postings":[[164,3],[166,1],[167,1],[168,1],[169,1],[170,1],[175,1],[176,1],[187,2],[203,1]]},"iii":{"df":2,"idf":4.707726774313183,"postings":[[164,1],[165,1]]},"nos":{"df":5,"idf":3.9192694139489133,"postings":[[164,1],[165,3],[167,1],[168,1],[170,2]]},"general":{"df":12,"idf":3.098288861879083,"postings":[[166,2],[167,1],[168,3],[169,2],[170,3],[177,1],[183,1],[187,2],[195,1],[196,1],[203,1],[214,1]]},"figg":{"df":1,"idf":5.218552398079174,"postings":[[167,1]]},"rogers":{"df":1,"idf":5.218552398079174,"postings":[[167,1]]},"j":{"df":5,"idf":3.9192694139489133,"postings":[[168,2],[169,1],[170,1],[171,2],[205,2]]},"authorities":{"df":2,"idf":4.707726774313183,"postings":[[168,1],[202,1]]},"deputy":{"df":1,"idf":5.218552398079174,"postings":[[169,1]]},"curiae":{"df":4,"idf":4.119940109411065,"postings":[[170,2],[171,2],[187,1],[195,1]]},"shad":{"df":1,"idf":5.218552398079174,"postings":[[171,1]]},"selma":{"df":1,"idf":5.218552398079174,"postings":[[171,1]]},"seek":{"df":1,"idf":5.218552398079174,"postings":[[174,1]]},"accorded":{"df":1,"idf":5.218552398079174,"postings":[[174,1]]},"provided":{"df":1,"idf":5.218552398079174,"postings":[[174,1]]},"adhered":{"df":1,"idf":5.218552398079174,"postings":[[174,1]]},"deprived":{"df":2,"idf":4.707726774313183,"postings":[[175,1],[186,1]]},"term":{"df":3,"idf":4.3712545376919705,"postings":[[175,2],[177,1],[187,1]]},"practices":{"df":2,"idf":4.707726774313183,"postings":[[176,1],[196,1]]},"most":{"df":3,"idf":4.3712545376919705,"postings":[[176,2],[181,2],[198,1]]},"nonexistent":{"df":1,"idf":5.218552398079174,"postings":[[177,1]]},"debates":{"df":1,"idf":5.218552398079174,"postings":[[177,1]]},"ungraded":{"df":1,"idf":5.218552398079174,"postings":[[177,1]]},"attendance":{"df":3,"idf":4.3712545376919705,"postings":[[177,1],[181,1],[196,1]]},"construing":{"df":1,"idf":5.218552398079174,"postings":[[178,1]]},"until":{"df":4,"idf":4.119940109411065,"postings":[[178,1],[196,3],[200,1],[202,1]]},"benefits":{"df":2,"idf":4.707726774313183,"postings":[[178,1],[184,1]]},"consider":{"df":1,"idf":5.218552398079174,"postings":[[180,1]]},"demonstrate":{"df":1,"idf":5.218552398079174,"postings":[[181,1]]},"awakening":{"df":1,"idf":5.218552398079174,"postings":[[181,1]]},"solely":{"df":2,"idf":4.707726774313183,"postings":[[182,1],[183,1]]},"believe":{"df":1,"idf":5.218552398079174,"postings":[[182,1]]},"finding":{"df":3,"idf":4.3712545376919705,"postings":[[183,2],[185,2],[204,1]]},"motivation":{"df":1,"idf":5.218552398079174,"postings":[[184,1]]},"formulation":{"df":1,"idf":5.218552398079174,"postings":[[187,1]]},"denial":{"df":1,"idf":5.218552398079174,"postings":[[187,1]]},"docket":{"df":1,"idf":5.218552398079174,"postings":[[187,1]]},"briggs":{"df":2,"idf":4.707726774313183,"postings":[[189,1],[191,1]]},"statute":{"df":1,"idf":5.218552398079174,"postings":[[190,1]]},"kan":{"df":1,"idf":5.218552398079174,"postings":[[190,1]]},"2284":{"df":3,"idf":4.3712545376919705,"postings":[[190,1],[191,1],[192,1]]},"begin":{"df":2,"idf":4.707726774313183,"postings":[[191,1],[196,1]]},"equalization":{"df":4,"idf":4.119940109411065,"postings":[[191,2],[192,1],[193,1],[203,2]]},"rectify":{"df":1,"idf":5.218552398079174,"postings":[[191,1]]},"diligence":{"df":1,"idf":5.218552398079174,"postings":[[192,1]]},"cremin":{"df":1,"idf":5.218552398079174,"postings":[[196,2]]},"character":{"df":1,"idf":5.218552398079174,"postings":[[196,1]]},"1941":{"df":1,"idf":5.218552398079174,"postings":[[196,1]]},"67":{"df":1,"idf":5.218552398079174,"postings":[[197,1]]},"contain":{"df":1,"idf":5.218552398079174,"postings":[[198,1]]},"security":{"df":1,"idf":5.218552398079174,"postings":[[198,1]]},"enjoy":{"df":1,"idf":5.218552398079174,"postings":[[198,1]]},"313":{"df":1,"idf":5.218552398079174,"postings":[[199,1]]},"attack":{"df":1,"idf":5.218552398079174,"postings":[[200,1]]},"contended":{"df":1,"idf":5.218552398079174,"postings":[[202,1]]},"testimony":{"df":1,"idf":5.218552398079174,