{"terms":{"autonomous":{"df":2,"idf":4.463606621666305,"postings":[[0,1],[161,1]]},"designed":{"df":2,"idf":4.463606621666305,"postings":[[0,1],[198,1]]},"1660":{"df":2,"idf":4.463606621666305,"postings":[[0,1],[5,1]]},"vram":{"df":7,"idf":3.3649943329981946,"postings":[[0,1],[2,1],[3,1],[8,1],[10,1],[12,1],[23,1]]},"are":{"df":25,"idf":2.141218901376079,"postings":[[1,1],[5,1],[17,1],[18,1],[22,1],[31,1],[52,1],[54,1],[173,1],[174,1],[175,2],[176,2],[179,2],[183,1],[186,2],[187,2],[190,2],[191,1],[192,1],[193,1],[196,2],[198,2],[204,1],[205,1],[210,1]]},"temporal":{"df":1,"idf":4.974432245432295,"postings":[[2,1]]},"iterative":{"df":1,"idf":4.974432245432295,"postings":[[2,1]]},"single":{"df":5,"idf":3.6751492613020345,"postings":[[2,1],[3,1],[12,1],[13,1],[14,1]]},"features":{"df":1,"idf":4.974432245432295,"postings":[[3,1]]},"cited":{"df":1,"idf":4.974432245432295,"postings":[[5,1]]},"rule":{"df":3,"idf":4.127134385045092,"postings":[[6,1],[183,1],[215,1]]},"probing":{"df":1,"idf":4.974432245432295,"postings":[[6,1]]},"pattern":{"df":2,"idf":4.463606621666305,"postings":[[6,1],[196,1]]},"cannot":{"df":5,"idf":3.6751492613020345,"postings":[[7,1],[175,1],[176,1],[179,1],[180,1]]},"next":{"df":1,"idf":4.974432245432295,"postings":[[11,1]]},"process":{"df":4,"idf":3.8758199567641856,"postings":[[12,2],[186,1],[198,1],[206,1]]},"states":{"df":15,"idf":2.6390573296152584,"postings":[[15,1],[163,2],[170,2],[173,1],[176,2],[177,3],[187,2],[189,2],[190,1],[191,1],[192,1],[195,1],[196,2],[198,2],[205,1]]},"previous":{"df":2,"idf":4.463606621666305,"postings":[[15,1],[38,1]]},"budget":{"df":2,"idf":4.463606621666305,"postings":[[16,1],[18,1]]},"repair":{"df":1,"idf":4.974432245432295,"postings":[[16,1]]},"zones":{"df":1,"idf":4.974432245432295,"postings":[[17,1]]},"defined":{"df":1,"idf":4.974432245432295,"postings":[[17,1]]},"functional":{"df":1,"idf":4.974432245432295,"postings":[[18,1]]},"change":{"df":1,"idf":4.974432245432295,"postings":[[18,1]]},"startup":{"df":2,"idf":4.463606621666305,"postings":[[19,1],[30,1]]},"event":{"df":2,"idf":4.463606621666305,"postings":[[20,2],[33,1]]},"fallback":{"df":2,"idf":4.463606621666305,"postings":[[20,1],[27,1]]},"explicitly":{"df":1,"idf":4.974432245432295,"postings":[[20,1]]},"recall":{"df":2,"idf":4.463606621666305,"postings":[[21,1],[71,1]]},"progressively":{"df":1,"idf":4.974432245432295,"postings":[[22,1]]},"similar":{"df":3,"idf":4.127134385045092,"postings":[[22,1],[183,1],[204,1]]},"use":{"df":1,"idf":4.974432245432295,"postings":[[22,1]]},"double":{"df":1,"idf":4.974432245432295,"postings":[[23,1]]},"chunking":{"df":1,"idf":4.974432245432295,"postings":[[25,1]]},"re":{"df":3,"idf":4.127134385045092,"postings":[[26,1],[104,1],[178,1]]},"repeat":{"df":1,"idf":4.974432245432295,"postings":[[26,1]]},"precision":{"df":1,"idf":4.974432245432295,"postings":[[29,1]]},"conversations":{"df":1,"idf":4.974432245432295,"postings":[[30,1]]},"reply":{"df":5,"idf":3.6751492613020345,"postings":[[31,1],[63,1],[64,1],[108,1],[123,1]]},"credentials":{"df":2,"idf":4.463606621666305,"postings":[[32,1],[135,1]]},"remains":{"df":1,"idf":4.974432245432295,"postings":[[33,1]]},"restart":{"df":2,"idf":4.463606621666305,"postings":[[34,1],[35,1]]},"u":{"df":14,"idf":2.705748704113931,"postings":[[35,1],[144,1],[162,1],[174,1],[178,6],[190,2],[191,3],[192,2],[193,1],[194,1],[195,1],[197,1],[199,2],[201,1]]},"bounded":{"df":1,"idf":4.974432245432295,"postings":[[37,1]]},"end":{"df":5,"idf":3.6751492613020345,"postings":[[38,1],[40,1],[115,1],[160,1],[210,1]]},"middle":{"df":3,"idf":4.127134385045092,"postings":[[38,1],[44,1],[116,1]]},"coherence":{"df":1,"idf":4.974432245432295,"postings":[[38,1]]},"tensors":{"df":2,"idf":4.463606621666305,"postings":[[42,1],[52,1]]},"pixel":{"df":3,"idf":4.127134385045092,"postings":[[42,1],[44,1],[119,1]]},"vae":{"df":1,"idf":4.974432245432295,"postings":[[42,1]]},"assemble":{"df":2,"idf":4.463606621666305,"postings":[[43,1],[120,1]]},"amplifies":{"df":1,"idf":4.974432245432295,"postings":[[44,1]]},"70":{"df":1,"idf":4.974432245432295,"postings":[[51,1]]},"validates":{"df":1,"idf":4.974432245432295,"postings":[[53,1]]},"cleanly":{"df":1,"idf":4.974432245432295,"postings":[[53,1]]},"videoengine":{"df":1,"idf":4.974432245432295,"postings":[[66,1]]},"extra":{"df":1,"idf":4.974432245432295,"postings":[[75,1]]},"accept":{"df":1,"idf":4.974432245432295,"postings":[[103,1]]},"ranked":{"df":1,"idf":4.974432245432295,"postings":[[124,1]]},"serve":{"df":1,"idf":4.974432245432295,"postings":[[130,1]]},"q4":{"df":1,"idf":4.974432245432295,"postings":[[132,1]]},"youruser":{"df":1,"idf":4.974432245432295,"postings":[[142,1]]},"torch":{"df":1,"idf":4.974432245432295,"postings":[[146,1]]},"clone":{"df":1,"idf":4.974432245432295,"postings":[[152,1]]},"reargued":{"df":2,"idf":4.463606621666305,"postings":[[163,1],[189,3]]},"motion":{"df":1,"idf":4.974432245432295,"postings":[[165,1]]},"mcc":{"df":1,"idf":4.974432245432295,"postings":[[167,1]]},"young":{"df":1,"idf":4.974432245432295,"postings":[[169,1]]},"veterans":{"df":1,"idf":4.974432245432295,"postings":[[171,1]]},"committee":{"df":1,"idf":4.974432245432295,"postings":[[171,1]]},"different":{"df":2,"idf":4.463606621666305,"postings":[[173,2],[196,1]]},"question":{"df":7,"idf":3.3649943329981946,"postings":[[173,1],[175,1],[178,1],[179,1],[182,1],[187,1],[210,1]]},"courts":{"df":4,"idf":3.8758199567641856,"postings":[[174,1],[178,1],[193,1],[214,2]]},"attended":{"df":2,"idf":4.463606621666305,"postings":[[174,1],[193,1]]},"requiring":{"df":4,"idf":3.8758199567641856,"postings":[[174,1],[183,1],[187,1],[202,2]]},"though":{"df":2,"idf":4.463606621666305,"postings":[[174,1],[182,1]]},"489":{"df":1,"idf":4.974432245432295,"postings":[[176,2]]},"covered":{"df":1,"idf":4.974432245432295,"postings":[[176,1]]},"racial":{"df":2,"idf":4.463606621666305,"postings":[[176,1],[184,1]]},"some":{"df":5,"idf":3.6751492613020345,"postings":[[176,1],[177,1],[184,1],[196,1],[200,1]]},"limited":{"df":1,"idf":4.974432245432295,"postings":[[176,1]]},"mind":{"df":1,"idf":4.974432245432295,"postings":[[176,1]]},"rural":{"df":2,"idf":4.463606621666305,"postings":[[177,1],[196,1]]},"areas":{"df":1,"idf":4.974432245432295,"postings":[[177,1]]},"compulsory":{"df":3,"idf":4.127134385045092,"postings":[[177,1],[181,1],[196,1]]},"discriminations":{"df":2,"idf":4.463606621666305,"postings":[[178,1],[198,2]]},"century":{"df":1,"idf":4.974432245432295,"postings":[[178,1]]},"gong":{"df":2,"idf":4.463606621666305,"postings":[[178,1],[202,1]]},"specific":{"df":4,"idf":3.8758199567641856,"postings":[[178,1],[212,1],[213,1],[214,1]]},"332":{"df":1,"idf":4.974432245432295,"postings":[[178,1]]},"painter":{"df":3,"idf":4.127134385045092,"postings":[[178,2],[179,1],[183,1]]},"way":{"df":3,"idf":4.127134385045092,"postings":[[180,1],[183,1],[203,1]]},"principal":{"df":1,"idf":4.974432245432295,"postings":[[181,1]]},"reasonably":{"df":1,"idf":4.974432245432295,"postings":[[181,1]]},"undertaken":{"df":1,"idf":4.974432245432295,"postings":[[181,1]]},"discussions":{"df":1,"idf":4.974432245432295,"postings":[[183,1]]},"mental":{"df":1,"idf":4.974432245432295,"postings":[[184,1]]},"considerable":{"df":1,"idf":4.974432245432295,"postings":[[187,1]]},"assistance":{"df":2,"idf":4.463606621666305,"postings":[[187,1],[196,1]]},"september":{"df":1,"idf":4.974432245432295,"postings":[[187,1]]},"14":{"df":2,"idf":4.463606621666305,"postings":[[187,1],[215,1]]},"residing":{"df":4,"idf":3.8758199567641856,"postings":[[190,1],[191,1],[192,1],[193,1]]},"1724":{"df":1,"idf":4.974432245432295,"postings":[[190,1]]},"contested":{"df":2,"idf":4.463606621666305,"postings":[[191,1],[192,1]]},"plant":{"df":2,"idf":4.463606621666305,"postings":[[192,2],[193,1]]},"chancery":{"df":1,"idf":4.974432245432295,"postings":[[193,1]]},"rest":{"df":1,"idf":4.974432245432295,"postings":[[193,1]]},"152":{"df":1,"idf":4.974432245432295,"postings":[[193,1]]},"current":{"df":1,"idf":4.974432245432295,"postings":[[196,1]]},"41st":{"df":1,