{"terms":{"class":{"df":5,"idf":3.9192694139489133,"postings":[[0,1],[13,1],[37,1],[187,1],[204,1]]},"no":{"df":20,"idf":2.603592620042976,"postings":[[0,4],[15,1],[19,1],[23,1],[31,3],[59,1],[76,1],[162,1],[164,4],[165,2],[166,1],[167,2],[168,2],[169,1],[170,2],[171,3],[186,1],[189,3],[196,1],[198,2]]},"credential":{"df":1,"idf":5.218552398079174,"postings":[[1,1]]},"exchanges":{"df":1,"idf":5.218552398079174,"postings":[[2,1]]},"spatial":{"df":1,"idf":5.218552398079174,"postings":[[2,1]]},"reasoning":{"df":2,"idf":4.707726774313183,"postings":[[2,1],[13,1]]},"not":{"df":17,"idf":2.76181662525787,"postings":[[4,2],[12,1],[15,1],[20,1],[29,1],[35,1],[53,1],[175,1],[176,1],[177,3],[178,3],[183,1],[190,1],[193,2],[196,3],[200,1],[209,1]]},"attention":{"df":1,"idf":5.218552398079174,"postings":[[6,2]]},"generate":{"df":7,"idf":3.609114485645074,"postings":[[8,1],[39,1],[40,1],[66,1],[114,1],[115,1],[117,1]]},"crash":{"df":3,"idf":4.3712545376919705,"postings":[[11,1],[35,1],[52,1]]},"if":{"df":11,"idf":3.1816704708181343,"postings":[[12,1],[19,1],[20,1],[79,1],[83,1],[84,1],[108,1],[180,1],[181,1],[212,1],[214,1]]},"between":{"df":2,"idf":4.707726774313183,"postings":[[12,1],[15,1]]},"replacing":{"df":1,"idf":5.218552398079174,"postings":[[14,1]]},"prompt":{"df":4,"idf":4.119940109411065,"postings":[[14,1],[109,1],[111,1],[157,1]]},"clean":{"df":1,"idf":5.218552398079174,"postings":[[15,1]]},"pair":{"df":1,"idf":5.218552398079174,"postings":[[15,1]]},"tdp":{"df":4,"idf":4.119940109411065,"postings":[[19,4],[20,2],[35,1],[79,1]]},"agent":{"df":8,"idf":3.4839513426910678,"postings":[[19,1],[23,2],[30,1],[31,1],[33,2],[55,1],[69,1],[134,1]]},"calls":{"df":2,"idf":4.707726774313183,"postings":[[19,2],[34,1]]},"filenotfounderror":{"df":1,"idf":5.218552398079174,"postings":[[19,1]]},"path":{"df":5,"idf":3.9192694139489133,"postings":[[19,1],[52,1],[65,1],[66,1],[109,1]]},"does":{"df":3,"idf":4.3712545376919705,"postings":[[20,1],[182,2],[190,1]]},"trusted":{"df":1,"idf":5.218552398079174,"postings":[[21,1]]},"responses":{"df":1,"idf":5.218552398079174,"postings":[[22,1]]},"syntheses":{"df":1,"idf":5.218552398079174,"postings":[[22,1]]},"ingested":{"df":1,"idf":5.218552398079174,"postings":[[23,1]]},"level":{"df":2,"idf":4.707726774313183,"postings":[[25,1],[178,1]]},"400":{"df":1,"idf":5.218552398079174,"postings":[[25,1]]},"ingesting":{"df":1,"idf":5.218552398079174,"postings":[[26,1]]},"same":{"df":4,"idf":4.119940109411065,"postings":[[26,1],[178,1],[196,1],[198,1]]},"telegram":{"df":10,"idf":3.272642249023861,"postings":[[30,1],[33,1],[55,1],[56,1],[108,1],[123,1],[127,1],[135,1],[137,1],[139,1]]},"allowed":{"df":3,"idf":4.3712545376919705,"postings":[[31,1],[58,1],[137,1]]},"dropped":{"df":2,"idf":4.707726774313183,"postings":[[31,1],[33,1]]},"thread":{"df":1,"idf":5.218552398079174,"postings":[[33,1]]},"indicator":{"df":1,"idf":5.218552398079174,"postings":[[33,1]]},"journalctl":{"df":2,"idf":4.707726774313183,"postings":[[35,1],[144,1]]},"predict":{"df":1,"idf":5.218552398079174,"postings":[[38,1]]},"endpoints":{"df":1,"idf":5.218552398079174,"postings":[[41,1]]},"mp4":{"df":2,"idf":4.707726774313183,"postings":[[43,1],[120,1]]},"clock":{"df":2,"idf":4.707726774313183,"postings":[[54,1],[180,1]]},"int8":{"df":1,"idf":5.218552398079174,"postings":[[54,1]]},"weights":{"df":3,"idf":4.3712545376919705,"postings":[[113,1],[154,1],[155,1]]},"following":{"df":1,"idf":5.218552398079174,"postings":[[124,1]]},"pip":{"df":7,"idf":3.609114485645074,"postings":[[126,1],[127,1],[146,1],[148,1],[149,1],[150,1],[153,1]]},"qwen2":{"df":1,"idf":5.218552398079174,"postings":[[132,1]]},"test":{"df":3,"idf":4.3712545376919705,"postings":[[133,1],[138,1],[156,1]]},"cuda":{"df":1,"idf":5.218552398079174,"postings":[[145,1]]},"flame":{"df":1,"idf":5.218552398079174,"postings":[[157,1]]},"may":{"df":7,"idf":3.609114485645074,"postings":[[163,1],[181,1],[182,1],[183,1],[185,1],[187,1],[209,1]]},"opposing":{"df":1,"idf":5.218552398079174,"postings":[[165,1]]},"485":{"df":1,"idf":5.218552398079174,"postings":[[168,2]]},"moore":{"df":1,"idf":5.218552398079174,"postings":[[168,3]]},"arnold":{"df":1,"idf":5.218552398079174,"postings":[[171,1]]},"garfield":{"df":1,"idf":5.218552398079174,"postings":[[171,1]]},"cases":{"df":8,"idf":3.4839513426910678,"postings":[[173,1],[174,2],[178,4],[179,2],[187,2],[197,1],[211,1],[214,1]]},"obtaining":{"df":2,"idf":4.707726774313183,"postings":[[174,1],[191,1]]},"denied":{"df":6,"idf":3.752215329285747,"postings":[[174,2],[178,1],[181,1],[190,1],[191,2],[192,2]]},"relief":{"df":6,"idf":3.752215329285747,"postings":[[174,1],[178,1],[187,1],[190,1],[191,1],[192,1]]},"doctrine":{"df":5,"idf":3.9192694139489133,"postings":[[174,3],[178,5],[186,1],[200,1],[202,1]]},"ferguson":{"df":4,"idf":4.119940109411065,"postings":[[174,1],[178,2],[180,1],[185,2]]},"537":{"df":1,"idf":5.218552398079174,"postings":[[174,1]]},"admitted":{"df":3,"idf":4.3712545376919705,"postings":[[174,1],[183,1],[208,1]]},"we":{"df":7,"idf":3.609114485645074,"postings":[[176,1],[179,1],[180,2],[182,2],[186,2],[187,2],[203,1]]},"born":{"df":1,"idf":5.218552398079174,"postings":[[176,1]]},"movement":{"df":1,"idf":5.218552398079174,"postings":[[177,1]]},"taken":{"df":1,"idf":5.218552398079174,"postings":[[177,1]]},"ignored":{"df":1,"idf":5.218552398079174,"postings":[[177,1]]},"validity":{"df":3,"idf":4.3712545376919705,"postings":[[178,1],[191,1],[192,1]]},"missouri":{"df":1,"idf":5.218552398079174,"postings":[[178,1]]},"629":{"df":1,"idf":5.218552398079174,"postings":[[178,1]]},"held":{"df":1,"idf":5.218552398079174,"postings":[[178,1]]},"equalized":{"df":1,"idf":5.218552398079174,"postings":[[179,2]]},"must":{"df":3,"idf":4.3712545376919705,"postings":[[179,1],[180,1],[181,1]]},"expenditures":{"df":1,"idf":5.218552398079174,"postings":[[181,1]]},"engage":{"df":1,"idf":5.218552398079174,"postings":[[183,1]]},"force":{"df":2,"idf":4.707726774313183,"postings":[[183,1],[196,1]]},"feeling":{"df":1,"idf":5.218552398079174,"postings":[[183,1]]},"nevertheless":{"df":1,"idf":5.218552398079174,"postings":[[183,1]]},"colored":{"df":2,"idf":4.707726774313183,"postings":[[184,2],[198,4]]},"sense":{"df":1,"idf":5.218552398079174,"postings":[[184,1]]},"integrated":{"df":1,"idf":5.218552398079174,"postings":[[184,1]]},"language":{"df":1,"idf":5.218552398079174,"postings":[[185,1]]},"population":{"df":1,"idf":5.218552398079174,"postings":[[190,1]]},"constitution":{"df":3,"idf":4.3712545376919705,"postings":[[191,1],[192,1],[193,1]]},"progress":{"df":2,"idf":4.707726774313183,"postings":[[191,1],[196,1]]},"350":{"df":1,"idf":5.218552398079174,"postings":[[191,1]]},"103":{"df":3,"idf":4.3712545376919705,"postings":[[191,1],[192,1],[203,2]]},"results":{"df":2,"idf":4.707726774313183,"postings":[[193,1],[204,1]]},"might":{"df":1,"idf":5.218552398079174,"postings":[[193,1]]},"somewhat":{"df":1,"idf":5.218552398079174,"postings":[[196,1]]},"country":{"df":1,"idf":5.218552398079174,"postings":[[196,2]]},"beale":{"df":1,"idf":5.218552398079174,"postings":[[196,1]]},"307":{"df":1,"idf":5.218552398079174,"postings":[[197,1]]},"regard":{"df":1,"idf":5.218552398079174,"postings":[[198,1]]},"acts":{"df":1,"idf":5.218552398079174,"postings":[[200,1]]},"elsewhere":{"df":1,"idf":5.218552398079174,"postings":[[200,1]]},"operation":{"df":1,"idf":5.218552398079174,"postings":[[202,2]]},"921":{"df":1,"idf":5.218552398079174,"postings":[[203,1]]}}}