{"terms":{"to":{"df":46,"idf":1.5404450409471488,"postings":[[0,1],[3,1],[8,1],[13,1],[16,1],[17,3],[20,2],[22,1],[26,1],[33,1],[35,1],[42,1],[43,1],[52,1],[108,1],[123,1],[161,1],[165,2],[173,1],[174,8],[176,5],[177,2],[178,5],[179,2],[180,2],[181,7],[182,1],[183,10],[184,3],[185,1],[187,6],[189,1],[190,5],[191,6],[192,5],[193,6],[196,2],[198,5],[202,2],[203,2],[204,2],[208,1],[209,2],[210,1],[213,2],[214,2]]},"the":{"df":79,"idf":1.0041403318801734,"postings":[[0,1],[1,2],[2,1],[4,1],[5,1],[6,2],[7,1],[8,2],[10,1],[11,3],[12,2],[13,2],[14,1],[15,1],[16,1],[18,1],[19,2],[20,3],[21,3],[22,1],[23,1],[29,3],[30,2],[31,4],[32,1],[33,2],[34,1],[35,2],[38,3],[44,2],[52,3],[53,2],[55,3],[124,1],[163,2],[164,11],[165,2],[166,4],[167,4],[168,6],[169,4],[170,6],[171,5],[172,2],[173,1],[174,19],[175,8],[176,16],[177,21],[178,17],[179,5],[180,6],[181,9],[182,5],[183,5],[184,12],[185,2],[186,10],[187,19],[189,5],[190,10],[191,29],[192,20],[193,22],[195,2],[196,29],[198,18],[200,2],[202,7],[203,14],[204,3],[205,5],[206,2],[207,1],[208,1],[209,1],[210,2],[212,1],[214,4]]},"compute":{"df":2,"idf":4.463606621666305,"postings":[[0,1],[6,1]]},"of":{"df":44,"idf":1.584408164368265,"postings":[[1,2],[6,1],[51,1],[160,1],[162,2],[163,2],[166,1],[167,1],[168,2],[169,1],[170,1],[171,4],[172,1],[173,1],[174,10],[175,4],[176,7],[177,11],[178,7],[179,4],[180,3],[181,6],[182,4],[183,5],[184,10],[185,2],[186,7],[187,14],[189,4],[190,7],[191,6],[192,5],[193,8],[195,1],[196,11],[198,10],[200,4],[202,3],[205,5],[206,1],[208,1],[209,1],[214,4],[215,1]]},"spanning":{"df":1,"idf":4.974432245432295,"postings":[[1,1]]},"template":{"df":2,"idf":4.463606621666305,"postings":[[1,1],[136,1]]},"makes":{"df":2,"idf":4.463606621666305,"postings":[[2,1],[186,1]]},"complexity":{"df":3,"idf":4.127134385045092,"postings":[[2,2],[124,1],[187,1]]},"refinement":{"df":1,"idf":4.974432245432295,"postings":[[2,1]]},"7b":{"df":2,"idf":4.463606621666305,"postings":[[2,1],[132,1]]},"decisions":{"df":1,"idf":4.974432245432295,"postings":[[3,1]]},"num":{"df":1,"idf":4.974432245432295,"postings":[[4,1]]},"is":{"df":38,"idf":1.729239112246721,"postings":[[4,1],[5,1],[12,2],[13,1],[14,1],[15,1],[19,3],[20,2],[21,1],[26,1],[30,1],[31,2],[33,2],[35,1],[37,1],[38,1],[39,1],[40,1],[52,1],[54,1],[62,1],[124,1],[174,1],[176,1],[177,3],[179,1],[181,7],[184,2],[185,2],[187,2],[188,1],[190,1],[191,1],[192,1],[196,1],[198,2],[200,1],[207,1]]},"oom":{"df":2,"idf":4.463606621666305,"postings":[[4,1],[12,1]]},"each":{"df":11,"idf":2.937550318171255,"postings":[[7,1],[13,1],[14,1],[15,1],[37,1],[38,1],[44,1],[116,1],[124,1],[174,3],[179,1]]},"simultaneously":{"df":1,"idf":4.974432245432295,"postings":[[7,1]]},"vrammanager":{"df":4,"idf":3.8758199567641856,"postings":[[8,1],[11,1],[112,1],[122,1]]},"keep":{"df":1,"idf":4.974432245432295,"postings":[[8,1]]},"ollama":{"df":8,"idf":3.239831190044189,"postings":[[8,1],[11,1],[14,1],[126,1],[128,1],[129,1],[130,1],[132,1]]},"clear":{"df":1,"idf":4.974432245432295,"postings":[[9,1]]},"component":{"df":1,"idf":4.974432245432295,"postings":[[13,2]]},"orchestrated":{"df":1,"idf":4.974432245432295,"postings":[[13,1]]},"reduction":{"df":1,"idf":4.974432245432295,"postings":[[16,1]]},"applied":{"df":2,"idf":4.463606621666305,"postings":[[17,1],[193,1]]},"relative":{"df":1,"idf":4.974432245432295,"postings":[[17,1]]},"prevent":{"df":1,"idf":4.974432245432295,"postings":[[18,1]]},"applies":{"df":1,"idf":4.974432245432295,"postings":[[18,1]]},"via":{"df":5,"idf":3.6751492613020345,"postings":[[19,1],[33,1],[36,1],[43,1],[69,1]]},"w":{"df":5,"idf":3.6751492613020345,"postings":[[19,1],[164,1],[165,2],[167,1],[168,1]]},"returns":{"df":2,"idf":4.463606621666305,"postings":[[19,1],[21,1]]},"wattage":{"df":1,"idf":4.974432245432295,"postings":[[20,1]]},"alongside":{"df":1,"idf":4.974432245432295,"postings":[[21,1]]},"through":{"df":3,"idf":4.127134385045092,"postings":[[22,1],[41,1],[174,1]]},"loaded":{"df":2,"idf":4.463606621666305,"postings":[[23,1],[111,1]]},"rst":{"df":1,"idf":4.974432245432295,"postings":[[24,1]]},"json":{"df":3,"idf":4.127134385045092,"postings":[[24,1],[29,1],[82,1]]},"js":{"df":1,"idf":4.974432245432295,"postings":[[24,1]]},"xml":{"df":1,"idf":4.974432245432295,"postings":[[24,1]]},"yaml":{"df":1,"idf":4.974432245432295,"postings":[[24,1]]},"retrieval":{"df":2,"idf":4.463606621666305,"postings":[[28,1],[29,1]]},"returned":{"df":1,"idf":4.974432245432295,"postings":[[28,1]]},"query":{"df":12,"idf":2.854168709232204,"postings":[[29,4],[33,1],[55,1],[69,2],[71,1],[82,1],[83,1],[89,1],[94,1],[99,1],[102,1],[106,1]]},"silently":{"df":1,"idf":4.974432245432295,"postings":[[31,1]]},"startlimitburst":{"df":1,"idf":4.974432245432295,"postings":[[35,1]]},"failures":{"df":1,"idf":4.974432245432295,"postings":[[35,1]]},"1800":{"df":2,"idf":4.463606621666305,"postings":[[38,1],[44,1]]},"n":{"df":4,"idf":3.8758199567641856,"postings":[[40,1],[41,1],[45,1],[52,1]]},"estimates":{"df":1,"idf":4.974432245432295,"postings":[[54,1]]},"steps":{"df":2,"idf":4.463606621666305,"postings":[[54,1],[198,1]]},"gateway":{"df":3,"idf":4.127134385045092,"postings":[[55,1],[138,1],[139,1]]},"treat":{"df":1,"idf":4.974432245432295,"postings":[[55,1]]},"85":{"df":2,"idf":4.463606621666305,"postings":[[72,1],[74,1]]},"temp":{"df":5,"idf":3.6751492613020345,"postings":[[79,1],[81,1],[88,1],[93,1],[98,1]]},"retry":{"df":1,"idf":4.974432245432295,"postings":[[104,1]]},"6":{"df":4,"idf":3.8758199567641856,"postings":[[138,1],[158,1],[178,1],[200,1]]},"diffusers":{"df":1,"idf":4.974432245432295,"postings":[[148,1]]},"pillow":{"df":1,"idf":4.974432245432295,"postings":[[150,1]]},"opencv":{"df":1,"idf":4.974432245432295,"postings":[[150,1]]},"topeka":{"df":2,"idf":4.463606621666305,"postings":[[162,1],[190,2]]},"1952":{"df":4,"idf":3.8758199567641856,"postings":[[163,1],[175,1],[189,3],[205,1]]},"8":{"df":4,"idf":3.8758199567641856,"postings":[[163,1],[178,1],[189,2],[202,1]]},"kansas":{"df":6,"idf":3.5080951766388684,"postings":[[163,1],[166,1],[173,1],[183,1],[190,3],[203,1]]},"robert":{"df":3,"idf":4.127134385045092,"postings":[[164,1],[165,1],[167,1]]},"l":{"df":2,"idf":4.463606621666305,"postings":[[164,2],[165,2]]},"cause":{"df":6,"idf":3.5080951766388684,"postings":[[164,3],[166,1],[167,1],[168,1],[169,1],[170,1]]},"redding":{"df":2,"idf":4.463606621666305,"postings":[[164,1],[165,1]]},"shores":{"df":1,"idf":4.974432245432295,"postings":[[165,1]]},"justin":{"df":1,"idf":4.974432245432295,"postings":[[168,3]]},"county":{"df":6,"idf":3.5080951766388684,"postings":[[168,1],[178,1],[189,2],[191,1],[192,2],[193,1]]},"school":{"df":15,"idf":2.6390573296152584,"postings":[[168,1],[177,3],[178,1],[181,1],[183,3],[184,1],[189,1],[190,2],[191,1],[192,3],[193,1],[196,2],[200,1],[202,4],[208,1]]},"h":{"df":2,"idf":4.463606621666305,"postings":[[169,1],[196,1]]},"philip":{"df":1,"idf":4.974432245432295,"postings":[[170,2]]},"magdelena":{"df":1,"idf":4.974432245432295,"postings":[[170,1]]},"filed":{"df":3,"idf":4.127134385045092,"postings":[[170,1],[171,2],[191,1]]},"b":{"df":5,"idf":3.6751492613020345,"postings":[[171,1],[205,1],[209,1],[210,2],[212,1]]},"inc":{"df":1,"idf":4.974432245432295,"postings":[[171,1]]},"facts":{"df":1,"idf":4.974432245432295,"postings":[[173,1]]},"together":{"df":2,"idf":4.463606621666305,"postings":[[173,1],[189,1]]},"minors":{"df":1,"idf":4.974432245432295,"postings":[[174,1]]},"race":{"df":6,"idf":3.5080951766388684,"postings":[[174,2],[177,1],[178,1],[182,1],[183,1],[198,3]]},"so":{"df":6,"idf":3.5080951766388684,"postings":[[174,1],[177,1],[187,1],[188,1],[212,1],[214,1]]},"plessy":{"df":4,"idf":3.8758199567641856,"postings":[[174,1],[178,2],[180,1],[185,2]]},"equality":{"df":4,"idf":3.8758199567641856,"postings":[[174,1],[191,1],[200,1],[203,1]]},"facilities":{"df":6,"idf":3.5080951766388684,"postings":[[174,2],[182,1],[186,1],[190,1],[191,1],[205,1]]},"superiority":{"df":1,"idf":4.974432245432295,"postings":[[174,1]]},"took":{"df":1,"idf":4.974432245432295,"postings":[[175,1]]},