{"terms":{"services":{"df":1,"idf":5.218552398079174,"postings":[[0,1]]},"service":{"df":5,"idf":3.9192694139489133,"postings":[[1,1],[35,1],[141,1],[142,1],[181,1]]},"fundamental":{"df":1,"idf":5.218552398079174,"postings":[[2,1]]},"4":{"df":28,"idf":2.2741134189127337,"postings":[[2,1],[14,1],[28,1],[42,1],[51,1],[93,1],[131,1],[133,1],[154,1],[164,2],[165,3],[167,1],[168,3],[170,2],[177,1],[187,1],[189,1],[196,1],[207,1],[210,2],[220,1],[223,1],[224,1],[233,1],[240,1],[246,1],[253,1],[257,1]]},"back":{"df":2,"idf":4.707726774313183,"postings":[[3,1],[180,1]]},"what":{"df":6,"idf":3.752215329285747,"postings":[[3,1],[176,1],[198,1],[205,1],[212,1],[214,2]]},"means":{"df":1,"idf":5.218552398079174,"postings":[[3,1]]},"infer":{"df":1,"idf":5.218552398079174,"postings":[[4,1]]},"microarchitecture":{"df":1,"idf":5.218552398079174,"postings":[[5,1]]},"after":{"df":6,"idf":3.752215329285747,"postings":[[9,1],[20,1],[53,1],[178,1],[193,1],[196,3]]},"clears":{"df":2,"idf":4.707726774313183,"postings":[[11,1],[20,1]]},"will":{"df":4,"idf":4.119940109411065,"postings":[[12,1],[171,1],[187,2],[210,1]]},"recommended":{"df":1,"idf":5.218552398079174,"postings":[[12,1]]},"cli":{"df":2,"idf":4.707726774313183,"postings":[[19,1],[27,1]]},"flag":{"df":1,"idf":5.218552398079174,"postings":[[19,1]]},"non":{"df":1,"idf":5.218552398079174,"postings":[[19,1]]},"false":{"df":1,"idf":5.218552398079174,"postings":[[19,1]]},"queries":{"df":1,"idf":5.218552398079174,"postings":[[22,1]]},"rag":{"df":6,"idf":3.752215329285747,"postings":[[23,1],[29,3],[65,1],[82,2],[83,2],[89,1]]},"cost":{"df":1,"idf":5.218552398079174,"postings":[[23,1]]},"ts":{"df":1,"idf":5.218552398079174,"postings":[[24,1]]},"similarity":{"df":3,"idf":4.3712545376919705,"postings":[[28,1],[72,1],[74,1]]},"unknown":{"df":2,"idf":4.707726774313183,"postings":[[31,2],[177,1]]},"take":{"df":1,"idf":5.218552398079174,"postings":[[33,1]]},"second":{"df":3,"idf":4.3712545376919705,"postings":[[33,1],[38,1],[156,1]]},"received":{"df":2,"idf":4.707726774313183,"postings":[[34,1],[56,1]]},"journald":{"df":1,"idf":5.218552398079174,"postings":[[35,1]]},"seeds":{"df":1,"idf":5.218552398079174,"postings":[[38,1]]},"anchor":{"df":1,"idf":5.218552398079174,"postings":[[41,1]]},"errors":{"df":1,"idf":5.218552398079174,"postings":[[44,1]]},"drift":{"df":3,"idf":4.3712545376919705,"postings":[[44,1],[47,2],[49,1]]},"factor":{"df":2,"idf":4.707726774313183,"postings":[[47,1],[48,1]]},"latents":{"df":2,"idf":4.707726774313183,"postings":[[52,1],[119,1]]},"depends":{"df":1,"idf":5.218552398079174,"postings":[[54,1]]},"should":{"df":8,"idf":3.4839513426910678,"postings":[[55,1],[177,1],[178,1],[208,1],[211,1],[212,1],[213,1],[214,3]]},"privileged":{"df":1,"idf":5.218552398079174,"postings":[[79,1]]},"unload":{"df":2,"idf":4.707726774313183,"postings":[[112,1],[121,1]]},"pynvml":{"df":1,"idf":5.218552398079174,"postings":[[126,1]]},"1gb":{"df":1,"idf":5.218552398079174,"postings":[[131,1]]},"enable":{"df":1,"idf":5.218552398079174,"postings":[[143,1]]},"v3":{"df":1,"idf":5.218552398079174,"postings":[[161,1]]},"decided":{"df":3,"idf":4.3712545376919705,"postings":[[163,1],[178,1],[207,1]]},"respondents":{"df":3,"idf":4.3712545376919705,"postings":[[164,1],[165,1],[171,1]]},"reeves":{"df":1,"idf":5.218552398079174,"postings":[[165,1]]},"arthur":{"df":2,"idf":4.707726774313183,"postings":[[165,1],[171,2]]},"attorney":{"df":8,"idf":3.4839513426910678,"postings":[[166,2],[167,1],[168,3],[169,2],[170,3],[187,1],[195,1],[203,1]]},"south":{"df":8,"idf":3.4839513426910678,"postings":[[167,1],[173,1],[177,1],[189,1],[191,2],[192,1],[196,6],[203,1]]},"carolina":{"df":6,"idf":3.752215329285747,"postings":[[167,1],[173,1],[189,1],[191,2],[192,1],[203,1]]},"lindsay":{"df":1,"idf":5.218552398079174,"postings":[[168,2]]},"virginia":{"df":7,"idf":3.609114485645074,"postings":[[168,2],[173,1],[189,2],[192,2],[197,1],[199,2],[203,2]]},"petitioners":{"df":1,"idf":5.218552398079174,"postings":[[169,1]]},"edwin":{"df":1,"idf":5.218552398079174,"postings":[[171,1]]},"phineas":{"df":1,"idf":5.218552398079174,"postings":[[171,1]]},"community":{"df":3,"idf":4.3712545376919705,"postings":[[174,1],[183,1],[190,1]]},"deprive":{"df":4,"idf":4.119940109411065,"postings":[[174,1],[182,1],[184,1],[198,1]]},"when":{"df":3,"idf":4.3712545376919705,"postings":[[174,1],[180,2],[184,1]]},"presented":{"df":3,"idf":4.3712545376919705,"postings":[[175,1],[179,1],[182,1]]},"surrounding":{"df":1,"idf":5.218552398079174,"postings":[[176,1]]},"adoption":{"df":3,"idf":4.3712545376919705,"postings":[[176,1],[178,1],[196,1]]},"private":{"df":1,"idf":5.218552398079174,"postings":[[177,1]]},"against":{"df":4,"idf":4.119940109411065,"postings":[[178,1],[183,1],[198,2],[200,1]]},"since":{"df":2,"idf":4.707726774313183,"postings":[[178,1],[203,1]]},"inequality":{"df":3,"idf":4.3712545376919705,"postings":[[178,1],[191,1],[192,1]]},"qualifications":{"df":4,"idf":4.119940109411065,"postings":[[178,1],[179,1],[183,1],[190,1]]},"canada":{"df":1,"idf":5.218552398079174,"postings":[[178,1]]},"plaintiff":{"df":2,"idf":4.707726774313183,"postings":[[178,1],[202,1]]},"factors":{"df":3,"idf":4.3712545376919705,"postings":[[179,2],[182,1],[203,1]]},"merely":{"df":2,"idf":4.707726774313183,"postings":[[179,1],[200,1]]},"responsibilities":{"df":1,"idf":5.218552398079174,"postings":[[181,1]]},"environment":{"df":1,"idf":5.218552398079174,"postings":[[181,1]]},"relied":{"df":1,"idf":5.218552398079174,"postings":[[183,1]]},"profession":{"df":1,"idf":5.218552398079174,"postings":[[183,1]]},"policy":{"df":1,"idf":5.218552398079174,"postings":[[184,1]]},"receive":{"df":1,"idf":5.218552398079174,"postings":[[184,1]]},"psychological":{"df":2,"idf":4.707726774313183,"postings":[[185,1],[205,2]]},"rejected":{"df":1,"idf":5.218552398079174,"postings":[[185,1]]},"invited":{"df":1,"idf":5.218552398079174,"postings":[[187,1]]},"vacated":{"df":1,"idf":5.218552398079174,"postings":[[191,1]]},"remanded":{"df":1,"idf":5.218552398079174,"postings":[[191,1]]},"va":{"df":1,"idf":5.218552398079174,"postings":[[192,2]]},"forthwith":{"df":2,"idf":4.707726774313183,"postings":[[192,1],[208,1]]},"activities":{"df":1,"idf":5.218552398079174,"postings":[[193,1]]},"862":{"df":2,"idf":4.707726774313183,"postings":[[193,1],[204,1]]},"who":{"df":1,"idf":5.218552398079174,"postings":[[193,1]]},"demand":{"df":1,"idf":5.218552398079174,"postings":[[196,1]]},"twenty":{"df":1,"idf":5.218552398079174,"postings":[[196,1]]},"slower":{"df":1,"idf":5.218552398079174,"postings":[[196,1]]},"freedom":{"df":1,"idf":5.218552398079174,"postings":[[196,1]]},"valuable":{"df":1,"idf":5.218552398079174,"postings":[[198,1]]},"condition":{"df":1,"idf":5.218552398079174,"postings":[[198,1]]},"concern":{"df":1,"idf":5.218552398079174,"postings":[[200,1]]},"misapplied":{"df":1,"idf":5.218552398079174,"postings":[[202,1]]},"classifying":{"df":1,"idf":5.218552398079174,"postings":[[202,1]]},"798":{"df":1,"idf":5.218552398079174,"postings":[[203,1]]},"prejudice":{"df":1,"idf":5.218552398079174,"postings":[[205,1]]},"choice":{"df":1,"idf":5.218552398079174,"postings":[[208,1]]},"gradual":{"df":1,"idf":5.218552398079174,"postings":[[209,1]]},"occurrence":{"df":2,"idf":4.707726774313183,"postings":[[234,1],[238,1]]},"frequently":{"df":1,"idf":5.218552398079174,"postings":[[247,1]]}}}