{"terms":{"this":{"df":34,"idf":2.0830581821500243,"postings":[[0,1],[3,1],[4,1],[5,1],[6,1],[12,1],[15,1],[22,1],[34,1],[38,1],[53,1],[55,2],[173,1],[174,2],[175,1],[176,1],[178,3],[180,2],[183,2],[185,2],[186,1],[187,2],[190,1],[191,3],[192,1],[193,2],[198,1],[209,1],[210,1],[211,1],[213,1],[214,2],[215,1],[268,1]]},"nvidia":{"df":2,"idf":4.707726774313183,"postings":[[0,1],[19,2]]},"has":{"df":9,"idf":3.3727257075808432,"postings":[[0,1],[181,1],[184,3],[186,1],[190,1],[200,2],[203,1],[247,1],[261,1]]},"entirely":{"df":1,"idf":5.218552398079174,"postings":[[0,1]]},"from":{"df":23,"idf":2.467017085037225,"postings":[[0,1],[2,1],[8,1],[13,1],[15,1],[18,1],[20,1],[23,1],[29,1],[31,1],[35,1],[36,1],[38,1],[44,1],[52,1],[151,1],[163,1],[173,1],[183,1],[189,2],[198,2],[204,1],[209,1]]},"five":{"df":3,"idf":4.3712545376919705,"postings":[[1,1],[13,1],[37,1]]},"footprint":{"df":1,"idf":5.218552398079174,"postings":[[2,1]]},"hard":{"df":3,"idf":4.3712545376919705,"postings":[[3,1],[4,1],[15,1]]},"ctx":{"df":1,"idf":5.218552398079174,"postings":[[4,1]]},"video":{"df":15,"idf":2.8831774822621377,"postings":[[6,1],[7,1],[10,1],[11,1],[12,1],[36,1],[38,1],[66,2],[109,2],[113,1],[120,1],[123,1],[147,1],[157,1],[159,1]]},"reference":{"df":2,"idf":4.707726774313183,"postings":[[6,1],[55,1]]},"into":{"df":3,"idf":4.3712545376919705,"postings":[[10,1],[12,1],[37,1]]},"time":{"df":6,"idf":3.752215329285747,"postings":[[12,1],[42,1],[177,2],[185,1],[193,1],[196,1]]},"structured":{"df":1,"idf":5.218552398079174,"postings":[[14,1]]},"separate":{"df":7,"idf":3.609114485645074,"postings":[[14,1],[23,1],[174,2],[178,2],[183,1],[186,2],[190,1]]},"temperature":{"df":3,"idf":4.3712545376919705,"postings":[[14,1],[17,1],[20,1]]},"user":{"df":6,"idf":3.752215329285747,"postings":[[15,2],[29,1],[31,1],[35,1],[58,1],[137,1]]},"passed":{"df":1,"idf":5.218552398079174,"postings":[[15,1]]},"margin":{"df":1,"idf":5.218552398079174,"postings":[[17,1]]},"stage":{"df":1,"idf":5.218552398079174,"postings":[[18,1]]},"128":{"df":2,"idf":4.707726774313183,"postings":[[18,1],[81,1]]},"warning":{"df":2,"idf":4.707726774313183,"postings":[[19,1],[59,1]]},"six":{"df":3,"idf":4.3712545376919705,"postings":[[27,1],[150,1],[178,1]]},"persistent":{"df":1,"idf":5.218552398079174,"postings":[[30,1]]},"silence":{"df":1,"idf":5.218552398079174,"postings":[[31,1]]},"pushing":{"df":1,"idf":5.218552398079174,"postings":[[33,1]]},"than":{"df":3,"idf":4.3712545376919705,"postings":[[33,1],[174,1],[190,1]]},"drop":{"df":2,"idf":4.707726774313183,"postings":[[34,1],[59,1]]},"discards":{"df":1,"idf":5.218552398079174,"postings":[[34,1]]},"10s":{"df":1,"idf":5.218552398079174,"postings":[[35,1]]},"both":{"df":9,"idf":3.3727257075808432,"postings":[[38,1],[164,1],[176,1],[181,1],[191,1],[193,1],[195,1],[196,2],[261,1]]},"keyframes":{"df":3,"idf":4.3712545376919705,"postings":[[38,1],[46,1],[50,1]]},"then":{"df":5,"idf":3.9192694139489133,"postings":[[38,1],[170,1],[176,1],[182,1],[203,1]]},"saved":{"df":1,"idf":5.218552398079174,"postings":[[52,2]]},"decision":{"df":5,"idf":3.9192694139489133,"postings":[[55,1],[178,1],[179,1],[187,1],[193,1]]},"arriving":{"df":2,"idf":4.707726774313183,"postings":[[55,1],[214,1]]},"silent":{"df":1,"idf":5.218552398079174,"postings":[[59,1]]},"help":{"df":1,"idf":5.218552398079174,"postings":[[67,1]]},"return":{"df":1,"idf":5.218552398079174,"postings":[[73,1]]},"leverage":{"df":1,"idf":5.218552398079174,"postings":[[124,1]]},"install":{"df":14,"idf":2.94986885676081,"postings":[[125,1],[126,1],[127,1],[128,1],[129,1],[140,1],[145,1],[146,1],[147,1],[148,1],[149,1],[150,1],[151,1],[153,1]]},"replace":{"df":1,"idf":5.218552398079174,"postings":[[142,1]]},"readme":{"df":1,"idf":5.218552398079174,"postings":[[154,1]]},"brown":{"df":2,"idf":4.707726774313183,"postings":[[162,1],[190,1]]},"court":{"df":20,"idf":2.603592620042976,"postings":[[163,2],[170,1],[172,1],[174,3],[175,2],[178,5],[183,3],[187,1],[189,3],[190,2],[191,8],[192,4],[193,3],[203,5],[209,1],[210,1],[211,1],[213,1],[214,2],[215,1]]},"marshall":{"df":2,"idf":4.707726774313183,"postings":[[164,2],[165,1]]},"george":{"df":1,"idf":5.218552398079174,"postings":[[165,2]]},"hill":{"df":1,"idf":5.218552398079174,"postings":[[165,1]]},"dismiss":{"df":1,"idf":5.218552398079174,"postings":[[165,1]]},"meagher":{"df":1,"idf":5.218552398079174,"postings":[[167,1]]},"maslow":{"df":1,"idf":5.218552398079174,"postings":[[171,1]]},"ligtenberg":{"df":1,"idf":5.218552398079174,"postings":[[171,1]]},"consolidated":{"df":1,"idf":5.218552398079174,"postings":[[173,1]]},"basis":{"df":3,"idf":4.3712545376919705,"postings":[[174,1],[182,1],[190,1]]},"488":{"df":1,"idf":5.218552398079174,"postings":[[174,2]]},"made":{"df":5,"idf":3.9192694139489133,"postings":[[175,1],[181,1],[191,1],[198,1],[204,1]]},"obvious":{"df":1,"idf":5.218552398079174,"postings":[[175,1]]},"propounded":{"df":2,"idf":4.707726774313183,"postings":[[175,1],[187,1]]},"1868":{"df":2,"idf":4.707726774313183,"postings":[[176,1],[180,1]]},"light":{"df":2,"idf":4.707726774313183,"postings":[[176,1],[180,1]]},"intended":{"df":2,"idf":4.707726774313183,"postings":[[176,1],[177,1]]},"just":{"df":1,"idf":5.218552398079174,"postings":[[176,1]]},"others":{"df":4,"idf":4.119940109411065,"postings":[[176,1],[183,1],[186,1],[198,1]]},"yet":{"df":1,"idf":5.218552398079174,"postings":[[177,1]]},"hold":{"df":2,"idf":4.707726774313183,"postings":[[177,1],[186,1]]},"practically":{"df":1,"idf":5.218552398079174,"postings":[[177,1]]},"ex":{"df":3,"idf":4.3712545376919705,"postings":[[178,1],[196,1],[199,1]]},"339":{"df":3,"idf":4.3712545376919705,"postings":[[178,2],[196,1],[199,1]]},"tangible":{"df":2,"idf":4.707726774313183,"postings":[[179,2],[182,1]]},"democratic":{"df":1,"idf":5.218552398079174,"postings":[[181,1]]},"very":{"df":1,"idf":5.218552398079174,"postings":[[181,1]]},"days":{"df":1,"idf":5.218552398079174,"postings":[[181,1]]},"succeed":{"df":1,"idf":5.218552398079174,"postings":[[181,1]]},"such":{"df":8,"idf":3.4839513426910678,"postings":[[181,1],[183,1],[186,1],[187,1],[196,1],[200,1],[203,1],[213,1]]},"provide":{"df":3,"idf":4.3712545376919705,"postings":[[181,1],[183,1],[192,1]]},"like":{"df":1,"idf":5.218552398079174,"postings":[[183,1]]},"whatever":{"df":1,"idf":5.218552398079174,"postings":[[185,1]]},"contrary":{"df":1,"idf":5.218552398079174,"postings":[[185,1]]},"actions":{"df":2,"idf":4.707726774313183,"postings":[[186,1],[187,1]]},"clause":{"df":2,"idf":4.707726774313183,"postings":[[186,1],[206,1]]},"wide":{"df":1,"idf":5.218552398079174,"postings":[[187,1]]},"72":{"df":2,"idf":4.707726774313183,"postings":[[190,1],[197,1]]},"pursuant":{"df":1,"idf":5.218552398079174,"postings":[[190,1]]},"98":{"df":3,"idf":4.3712545376919705,"postings":[[190,1],[191,1],[203,1]]},"797":{"df":2,"idf":4.707726774313183,"postings":[[190,1],[203,1]]},"const":{"df":3,"idf":4.3712545376919705,"postings":[[191,1],[192,1],[193,1]]},"5377":{"df":1,"idf":5.218552398079174,"postings":[[191,1]]},"dispatch":{"df":1,"idf":5.218552398079174,"postings":[[192,1]]},"new":{"df":1,"idf":5.218552398079174,"postings":[[193,1]]},"2631":{"df":1,"idf":5.218552398079174,"postings":[[193,1]]},"2d":{"df":4,"idf":4.119940109411065,"postings":[[193,2],[196,1],[203,1],[204,1]]},"obtain":{"df":1,"idf":5.218552398079174,"postings":[[193,1]]},"submit":{"df":1,"idf":5.218552398079174,"postings":[[193,1]]},"ed":{"df":2,"idf":4.707726774313183,"postings":[[196,1],[205,1]]},"423":{"df":1,"idf":5.218552398079174,"postings":[[196,1]]},"428":{"df":1,"idf":5.218552398079174,"postings":[[196,1]]},"strauder":{"df":1,"idf":5.218552398079174,"postings":[[197,1]]},"prohibitory":{"df":1,"idf":5.218552398079174,"postings":[[198,1]]},"immunity":{"df":1,"idf":5.218552398079174,"postings":[[198,1]]},"legislation":{"df":1,"idf":5.218552398079174,"postings":[[198,1]]},"318":{"df":1,"idf":5.218552398079174,"postings":[[199,1]]},"parte":{"df":1,"idf":5.218552398079174,"postings":[[199,1]]},"sectional":{"df":1,"idf":5.218552398079174,