{"terms":{"zero":{"df":2,"idf":4.707726774313183,"postings":[[0,1],[19,1]]},"consumer":{"df":1,"idf":5.218552398079174,"postings":[[0,1]]},"sm":{"df":2,"idf":4.707726774313183,"postings":[[0,1],[5,1]]},"dependencies":{"df":3,"idf":4.3712545376919705,"postings":[[0,1],[125,1],[147,1]]},"systemd":{"df":4,"idf":4.119940109411065,"postings":[[1,1],[35,1],[140,1],[141,1]]},"definition":{"df":1,"idf":5.218552398079174,"postings":[[1,1]]},"and":{"df":64,"idf":1.4573522823856118,"postings":[[1,1],[3,1],[7,1],[9,1],[12,1],[14,1],[15,1],[17,1],[18,1],[19,1],[21,1],[30,1],[33,2],[35,1],[36,1],[38,1],[52,1],[54,1],[72,1],[74,1],[78,1],[86,1],[91,1],[96,1],[128,1],[137,1],[142,1],[164,7],[165,8],[166,1],[167,3],[168,6],[169,1],[170,6],[171,7],[173,2],[175,3],[176,6],[177,4],[178,2],[179,4],[180,1],[181,3],[182,1],[183,5],[184,3],[186,1],[187,4],[189,1],[190,4],[191,8],[192,9],[193,7],[196,6],[198,2],[202,1],[203,2],[205,7],[210,2],[214,2],[247,1],[261,1],[268,1],[275,2]]},"trade":{"df":1,"idf":5.218552398079174,"postings":[[2,1]]},"pass":{"df":2,"idf":4.707726774313183,"postings":[[2,2],[14,1]]},"with":{"df":25,"idf":2.385339054022958,"postings":[[2,1],[14,2],[23,1],[27,1],[35,1],[53,1],[156,1],[166,1],[167,1],[169,1],[170,1],[176,2],[177,1],[178,1],[179,1],[183,2],[184,1],[189,1],[190,1],[192,1],[193,1],[202,1],[203,1],[213,1],[214,1]]},"its":{"df":9,"idf":3.3727257075808432,"postings":[[2,1],[15,1],[16,1],[177,1],[178,2],[180,2],[198,1],[209,1],[210,1]]},"disables":{"df":1,"idf":5.218552398079174,"postings":[[3,1]]},"context":{"df":7,"idf":3.609114485645074,"postings":[[4,1],[15,1],[28,1],[75,1],[83,1],[84,1],[89,1]]},"unavailable":{"df":1,"idf":5.218552398079174,"postings":[[5,1]]},"never":{"df":3,"idf":4.3712545376919705,"postings":[[6,1],[31,1],[32,1]]},"implementation":{"df":2,"idf":4.707726774313183,"postings":[[6,1],[124,1]]},"llm":{"df":6,"idf":3.752215329285747,"postings":[[7,1],[8,1],[11,1],[111,1],[112,1],[122,1]]},"require":{"df":5,"idf":3.9192694139489133,"postings":[[7,1],[190,1],[191,1],[192,1],[193,1]]},"gc":{"df":1,"idf":5.218552398079174,"postings":[[9,1]]},"where":{"df":3,"idf":4.3712545376919705,"postings":[[12,1],[18,1],[181,1]]},"localagent":{"df":6,"idf":3.752215329285747,"postings":[[13,1],[30,1],[35,1],[141,1],[143,1],[144,1]]},"message":{"df":3,"idf":4.3712545376919705,"postings":[[15,2],[33,1],[56,1]]},"anchoring":{"df":1,"idf":5.218552398079174,"postings":[[15,1]]},"floor":{"df":1,"idf":5.218552398079174,"postings":[[18,1]]},"command":{"df":3,"idf":4.3712545376919705,"postings":[[19,1],[62,1],[67,1]]},"set":{"df":3,"idf":4.3712545376919705,"postings":[[19,1],[75,1],[208,1]]},"ever":{"df":2,"idf":4.707726774313183,"postings":[[19,1],[183,1]]},"unless":{"df":2,"idf":4.707726774313183,"postings":[[19,1],[35,1]]},"confidence":{"df":5,"idf":3.9192694139489133,"postings":[[21,1],[22,1],[72,1],[74,1],[106,1]]},"high":{"df":7,"idf":3.609114485645074,"postings":[[22,1],[124,1],[183,1],[191,1],[192,1],[193,1],[202,2]]},"collection":{"df":1,"idf":5.218552398079174,"postings":[[23,1]]},"ids":{"df":4,"idf":4.119940109411065,"postings":[[26,1],[31,3],[58,1],[137,1]]},"wraps":{"df":1,"idf":5.218552398079174,"postings":[[30,1]]},"authentication":{"df":1,"idf":5.218552398079174,"postings":[[31,1]]},"gives":{"df":1,"idf":5.218552398079174,"postings":[[31,1]]},"attacker":{"df":1,"idf":5.218552398079174,"postings":[[31,1]]},"before":{"df":3,"idf":4.3712545376919705,"postings":[[31,1],[196,1],[198,1]]},"seconds":{"df":2,"idf":4.707726774313183,"postings":[[33,1],[53,1]]},"pending":{"df":1,"idf":5.218552398079174,"postings":[[34,1]]},"was":{"df":17,"idf":2.76181662525787,"postings":[[34,1],[166,1],[169,1],[174,1],[175,2],[176,1],[177,7],[178,3],[180,2],[183,1],[187,1],[193,2],[196,1],[198,1],[200,1],[203,2],[204,1]]},"decomposed":{"df":1,"idf":5.218552398079174,"postings":[[37,1]]},"60":{"df":2,"idf":4.707726774313183,"postings":[[38,1],[53,1]]},"keyframe":{"df":5,"idf":3.9192694139489133,"postings":[[39,1],[40,1],[44,1],[114,1],[115,1]]},"decode":{"df":2,"idf":4.707726774313183,"postings":[[42,1],[119,1]]},"rescales":{"df":1,"idf":5.218552398079174,"postings":[[44,1]]},"nearest":{"df":1,"idf":5.218552398079174,"postings":[[44,1]]},"5s":{"df":1,"idf":5.218552398079174,"postings":[[53,2]]},"120":{"df":1,"idf":5.218552398079174,"postings":[[53,1]]},"whether":{"df":4,"idf":4.119940109411065,"postings":[[54,1],[178,1],[186,1],[198,1]]},"log":{"df":1,"idf":5.218552398079174,"postings":[[59,1]]},"check":{"df":5,"idf":3.9192694139489133,"postings":[[78,1],[86,1],[91,1],[96,1],[158,1]]},"1024":{"df":1,"idf":5.218552398079174,"postings":[[88,1]]},"768":{"df":1,"idf":5.218552398079174,"postings":[[93,1]]},"promptrefiner":{"df":1,"idf":5.218552398079174,"postings":[[111,1]]},"sh":{"df":1,"idf":5.218552398079174,"postings":[[129,2]]},"configure":{"df":1,"idf":5.218552398079174,"postings":[[135,1]]},"cu121":{"df":1,"idf":5.218552398079174,"postings":[[146,1]]},"handoff":{"df":1,"idf":5.218552398079174,"postings":[[161,1]]},"al":{"df":3,"idf":4.3712545376919705,"postings":[[162,2],[171,1],[189,6]]},"scott":{"df":1,"idf":5.218552398079174,"postings":[[165,1]]},"walden":{"df":1,"idf":5.218552398079174,"postings":[[165,1]]},"henry":{"df":1,"idf":5.218552398079174,"postings":[[168,1]]},"leave":{"df":1,"idf":5.218552398079174,"postings":[[170,1]]},"lamont":{"df":1,"idf":5.218552398079174,"postings":[[170,1]]},"p":{"df":8,"idf":3.4839513426910678,"postings":[[170,1],[206,1],[221,2],[224,2],[225,1],[227,3],[264,1],[267,1]]},"lukas":{"df":1,"idf":5.218552398079174,"postings":[[171,1]]},"liberties":{"df":1,"idf":5.218552398079174,"postings":[[171,1]]},"these":{"df":10,"idf":3.272642249023861,"postings":[[173,1],[174,1],[176,1],[178,1],[179,1],[180,1],[181,1],[187,2],[211,1],[214,1]]},"but":{"df":13,"idf":3.021327820742955,"postings":[[173,1],[174,2],[177,2],[178,3],[183,1],[186,1],[190,2],[191,1],[192,1],[193,1],[196,1],[198,2],[200,1]]},"plaintiffs":{"df":9,"idf":3.3727257075808432,"postings":[[174,3],[175,1],[180,1],[183,1],[186,1],[190,1],[191,2],[192,2],[193,4]]},"fourteenth":{"df":7,"idf":3.609114485645074,"postings":[[174,1],[176,1],[177,1],[178,1],[186,2],[196,2],[207,1]]},"contend":{"df":1,"idf":5.218552398079174,"postings":[[175,1]]},"certain":{"df":1,"idf":5.218552398079174,"postings":[[175,1]]},"enough":{"df":1,"idf":5.218552398079174,"postings":[[176,1]]},"negroes":{"df":5,"idf":3.9192694139489133,"postings":[[177,3],[183,1],[191,1],[192,1],[193,1]]},"law":{"df":4,"idf":4.119940109411065,"postings":[[177,1],[183,2],[184,2],[198,3]]},"world":{"df":1,"idf":5.218552398079174,"postings":[[177,1]]},"year":{"df":1,"idf":5.218552398079174,"postings":[[177,1]]},"there":{"df":3,"idf":4.3712545376919705,"postings":[[177,1],[178,1],[179,1]]},"interpreted":{"df":2,"idf":4.707726774313183,"postings":[[178,1],[184,1]]},"491":{"df":1,"idf":5.218552398079174,"postings":[[178,2]]},"78":{"df":1,"idf":5.218552398079174,"postings":[[178,1]]},"enjoyed":{"df":1,"idf":5.218552398079174,"postings":[[178,1]]},"regents":{"df":2,"idf":4.707726774313183,"postings":[[178,1],[183,1]]},"involved":{"df":2,"idf":4.707726774313183,"postings":[[179,2],[193,1]]},"life":{"df":3,"idf":4.3712545376919705,"postings":[[180,1],[181,1],[198,1]]},"governments":{"df":1,"idf":5.218552398079174,"postings":[[181,1]]},"part":{"df":1,"idf":5.218552398079174,"postings":[[183,1]]},"greatness":{"df":1,"idf":5.218552398079174,"postings":[[183,1]]},"grade":{"df":1,"idf":5.218552398079174,"postings":[[183,1]]},"order":{"df":1,"idf":5.218552398079174,"postings":[[187,1]]},"496":{"df":1,"idf":5.218552398079174,"postings":[[187,2]]},"eastern":{"df":3,"idf":4.3712545376919705,"postings":[[189,2],[191,1],[192,1]]},"gebhart":{"df":2,"idf":4.707726774313183,"postings":[[189,1],[193,1]]},"28":{"df":3,"idf":4.3712545376919705,"postings":[[190,2],[191,2],[192,2]]},"920":{"df":2,"idf":4.707726774313183,"postings":[[191,1],[203,1]]},"140":{"df":1,"idf":5.218552398079174,"postings":[[192,1]]},"proceed":{"df":1,