{"terms":{"document":{"df":2,"idf":4.707726774313183,"postings":[[0,1],[23,1]]},"fully":{"df":2,"idf":4.707726774313183,"postings":[[0,1],[16,1]]},"api":{"df":2,"idf":4.707726774313183,"postings":[[0,2],[8,1]]},"75":{"df":4,"idf":4.119940109411065,"postings":[[0,1],[5,1],[17,1],[79,1]]},"lines":{"df":1,"idf":5.218552398079174,"postings":[[1,1]]},"trace":{"df":1,"idf":5.218552398079174,"postings":[[3,1]]},"another":{"df":1,"idf":5.218552398079174,"postings":[[12,1]]},"only":{"df":7,"idf":3.609114485645074,"postings":[[12,1],[31,1],[32,1],[53,1],[180,1],[193,2],[202,1]]},"prevents":{"df":2,"idf":4.707726774313183,"postings":[[15,1],[35,1]]},"distributions":{"df":1,"idf":5.218552398079174,"postings":[[15,1]]},"thermal":{"df":5,"idf":3.9192694139489133,"postings":[[16,1],[17,1],[20,2],[54,1],[117,1]]},"dropping":{"df":2,"idf":4.707726774313183,"postings":[[18,1],[20,1]]},"below":{"df":5,"idf":3.9192694139489133,"postings":[[18,1],[66,1],[179,1],[193,1],[203,4]]},"route":{"df":2,"idf":4.707726774313183,"postings":[[18,1],[81,1]]},"normal":{"df":3,"idf":4.3712545376919705,"postings":[[19,1],[20,1],[208,1]]},"loud":{"df":1,"idf":5.218552398079174,"postings":[[19,1]]},"downstream":{"df":1,"idf":5.218552398079174,"postings":[[19,1]]},"again":{"df":4,"idf":4.119940109411065,"postings":[[19,1],[183,1],[187,1],[191,1]]},"sleep":{"df":2,"idf":4.707726774313183,"postings":[[20,1],[79,1]]},"restored":{"df":2,"idf":4.707726774313183,"postings":[[20,1],[187,1]]},"triggered":{"df":1,"idf":5.218552398079174,"postings":[[22,1]]},"converges":{"df":1,"idf":5.218552398079174,"postings":[[22,1]]},"chunks":{"df":2,"idf":4.707726774313183,"postings":[[23,1],[28,1]]},"txt":{"df":1,"idf":5.218552398079174,"postings":[[24,1]]},"py":{"df":4,"idf":4.119940109411065,"postings":[[24,1],[134,1],[139,1],[157,1]]},"hashed":{"df":1,"idf":5.218552398079174,"postings":[[26,1]]},"uses":{"df":1,"idf":5.218552398079174,"postings":[[29,1]]},"env":{"df":3,"idf":4.3712545376919705,"postings":[[32,2],[136,2],[137,1]]},"includes":{"df":1,"idf":5.218552398079174,"postings":[[32,1]]},"30":{"df":1,"idf":5.218552398079174,"postings":[[33,1]]},"hour":{"df":2,"idf":4.707726774313183,"postings":[[34,1],[53,1]]},"transient":{"df":1,"idf":5.218552398079174,"postings":[[35,1]]},"unlike":{"df":2,"idf":4.707726774313183,"postings":[[38,1],[179,1]]},"clip":{"df":2,"idf":4.707726774313183,"postings":[[53,2],[156,1]]},"actual":{"df":1,"idf":5.218552398079174,"postings":[[54,1]]},"tree":{"df":1,"idf":5.218552398079174,"postings":[[55,1]]},"80":{"df":2,"idf":4.707726774313183,"postings":[[72,1],[74,1]]},"refine":{"df":1,"idf":5.218552398079174,"postings":[[111,1]]},"framepackpipeline":{"df":2,"idf":4.707726774313183,"postings":[[113,1],[121,1]]},"etc":{"df":1,"idf":5.218552398079174,"postings":[[141,1]]},"edit":{"df":1,"idf":5.218552398079174,"postings":[[142,1]]},"systemctl":{"df":1,"idf":5.218552398079174,"postings":[[143,1]]},"url":{"df":1,"idf":5.218552398079174,"postings":[[146,1]]},"jack":{"df":2,"idf":4.707726774313183,"postings":[[164,2],[165,1]]},"briefs":{"df":7,"idf":3.609114485645074,"postings":[[165,1],[166,1],[167,1],[168,1],[169,1],[171,2],[187,1]]},"whipple":{"df":1,"idf":5.218552398079174,"postings":[[167,1]]},"robertson":{"df":1,"idf":5.218552398079174,"postings":[[168,1]]},"prince":{"df":3,"idf":4.3712545376919705,"postings":[[168,1],[189,1],[192,1]]},"rankin":{"df":1,"idf":5.218552398079174,"postings":[[170,1]]},"joseph":{"df":1,"idf":5.218552398079174,"postings":[[171,1]]},"haas":{"df":1,"idf":5.218552398079174,"postings":[[171,1]]},"federation":{"df":1,"idf":5.218552398079174,"postings":[[171,1]]},"us":{"df":2,"idf":4.707726774313183,"postings":[[173,1],[176,1]]},"consideration":{"df":3,"idf":4.3712545376919705,"postings":[[173,1],[176,1],[187,1]]},"aid":{"df":1,"idf":5.218552398079174,"postings":[[174,1]]},"nonsegregated":{"df":2,"idf":4.707726774313183,"postings":[[174,1],[190,1]]},"had":{"df":6,"idf":3.752215329285747,"postings":[[174,1],[176,1],[177,2],[191,1],[193,2],[202,1]]},"other":{"df":5,"idf":3.9192694139489133,"postings":[[174,1],[179,1],[182,1],[183,2],[190,1]]},"segregated":{"df":5,"idf":3.9192694139489133,"postings":[[175,1],[177,1],[183,1],[190,1],[209,1]]},"heard":{"df":1,"idf":5.218552398079174,"postings":[[175,2]]},"existing":{"df":3,"idf":4.3712545376919705,"postings":[[176,1],[177,1],[209,1]]},"inconclusive":{"df":2,"idf":4.707726774313183,"postings":[[176,1],[177,1]]},"amendments":{"df":1,"idf":5.218552398079174,"postings":[[176,2]]},"undoubtedly":{"df":1,"idf":5.218552398079174,"postings":[[176,1]]},"remove":{"df":2,"idf":4.707726774313183,"postings":[[176,1],[192,1]]},"persons":{"df":2,"idf":4.707726774313183,"postings":[[176,1],[198,1]]},"naturalized":{"df":1,"idf":5.218552398079174,"postings":[[176,1]]},"taxation":{"df":1,"idf":5.218552398079174,"postings":[[177,1]]},"arts":{"df":1,"idf":5.218552398079174,"postings":[[177,1]]},"well":{"df":5,"idf":3.9192694139489133,"postings":[[177,1],[183,1],[191,1],[196,1],[203,1]]},"congressional":{"df":1,"idf":5.218552398079174,"postings":[[177,1]]},"did":{"df":4,"idf":4.119940109411065,"postings":[[177,1],[178,1],[193,2],[196,1]]},"appearance":{"df":1,"idf":5.218552398079174,"postings":[[178,1]]},"sweatt":{"df":3,"idf":4.3712545376919705,"postings":[[178,2],[179,1],[183,1]]},"637":{"df":1,"idf":5.218552398079174,"postings":[[178,1]]},"instant":{"df":1,"idf":5.218552398079174,"postings":[[179,1]]},"society":{"df":3,"idf":4.3712545376919705,"postings":[[181,1],[198,1],[204,1]]},"foundation":{"df":1,"idf":5.218552398079174,"postings":[[181,1]]},"later":{"df":1,"idf":5.218552398079174,"postings":[[181,1]]},"opportunity":{"df":1,"idf":5.218552398079174,"postings":[[181,2]]},"physical":{"df":3,"idf":4.3712545376919705,"postings":[[182,1],[192,2],[193,1]]},"objective":{"df":1,"idf":5.218552398079174,"postings":[[183,1]]},"affect":{"df":1,"idf":5.218552398079174,"postings":[[183,1]]},"undone":{"df":1,"idf":5.218552398079174,"postings":[[183,1]]},"denoting":{"df":1,"idf":5.218552398079174,"postings":[[184,1]]},"amply":{"df":1,"idf":5.218552398079174,"postings":[[185,1]]},"unnecessary":{"df":1,"idf":5.218552398079174,"postings":[[186,1]]},"art":{"df":2,"idf":4.707726774313183,"postings":[[191,1],[193,1]]},"1942":{"df":1,"idf":5.218552398079174,"postings":[[191,1]]},"purpose":{"df":1,"idf":5.218552398079174,"postings":[[191,1]]},"castle":{"df":1,"idf":5.218552398079174,"postings":[[193,1]]},"del":{"df":1,"idf":5.218552398079174,"postings":[[193,2]]},"gave":{"df":1,"idf":5.218552398079174,"postings":[[193,1]]},"extracurricular":{"df":1,"idf":5.218552398079174,"postings":[[193,1]]},"865":{"df":2,"idf":4.707726774313183,"postings":[[193,1],[204,1]]},"affirmed":{"df":1,"idf":5.218552398079174,"postings":[[193,1]]},"able":{"df":1,"idf":5.218552398079174,"postings":[[193,1]]},"accomplished":{"df":1,"idf":5.218552398079174,"postings":[[193,1]]},"345":{"df":2,"idf":4.707726774313183,"postings":[[195,1],[199,1]]},"1934":{"df":1,"idf":5.218552398079174,"postings":[[196,1]]},"knight":{"df":1,"idf":5.218552398079174,"postings":[[196,1]]},"cong":{"df":1,"idf":5.218552398079174,"postings":[[196,1]]},"regional":{"df":1,"idf":5.218552398079174,"postings":[[196,1]]},"west":{"df":1,"idf":5.218552398079174,"postings":[[197,1]]},"303":{"df":1,"idf":5.218552398079174,"postings":[[197,1]]},"enjoyment":{"df":1,"idf":5.218552398079174,"postings":[[198,1]]},"apparently":{"df":1,"idf":5.218552398079174,"postings":[[200,1]]},"guarantee":{"df":1,"idf":5.218552398079174,"postings":[[200,1]]},"eliminated":{"df":1,"idf":5.218552398079174,"postings":[[200,1]]},"kotinsky":{"df":1,"idf":5.218552398079174,"postings":[[205,1]]},"vi":{"df":1,"idf":5.218552398079174,"postings":[[205,1]]},"chein":{"df":1,"idf":5.218552398079174,"postings":[[205,2]]},"1948":{"df":1,"idf":5.218552398079174,"postings":[[205,1]]},"fifth":{"df":1,"idf":5.218552398079174,"postings":[[206,1]]},"effective":{"df":2,"idf":4.707726774313183,"postings":[[209,1],[215,1]]},"include":{"df":1,