{"terms":{"on":{"df":41,"idf":1.898324078950686,"postings":[[0,2],[3,1],[4,1],[5,1],[6,1],[11,2],[15,1],[18,1],[20,2],[22,1],[34,1],[35,1],[44,2],[52,2],[54,1],[164,7],[165,2],[166,3],[167,3],[168,3],[169,3],[170,3],[173,1],[174,2],[175,1],[177,2],[178,2],[179,2],[181,1],[182,1],[183,2],[187,2],[189,3],[190,3],[191,3],[192,1],[193,2],[203,1],[205,2],[209,1],[210,2]]},"python":{"df":8,"idf":3.4839513426910678,"postings":[[1,1],[84,1],[125,1],[127,2],[134,1],[139,1],[150,1],[157,1]]},"files":{"df":1,"idf":5.218552398079174,"postings":[[1,1]]},"stages":{"df":1,"idf":5.218552398079174,"postings":[[2,1]]},"gpu":{"df":5,"idf":3.9192694139489133,"postings":[[3,1],[17,1],[20,1],[33,1],[54,1]]},"causes":{"df":2,"idf":4.707726774313183,"postings":[[4,1],[164,1]]},"agents":{"df":1,"idf":5.218552398079174,"postings":[[6,1]]},"fp8":{"df":1,"idf":5.218552398079174,"postings":[[6,1]]},"bf16":{"df":1,"idf":5.218552398079174,"postings":[[6,1]]},"5gb":{"df":1,"idf":5.218552398079174,"postings":[[7,1]]},"runs":{"df":6,"idf":3.752215329285747,"postings":[[9,1],[12,1],[14,1],[33,1],[35,1],[36,1]]},"loads":{"df":2,"idf":4.707726774313183,"postings":[[10,1],[12,1]]},"assistant":{"df":4,"idf":4.119940109411065,"postings":[[15,1],[166,1],[168,1],[170,1]]},"multiplier":{"df":3,"idf":4.3712545376919705,"postings":[[16,1],[17,1],[100,1]]},"even":{"df":6,"idf":3.752215329285747,"postings":[[16,1],[174,1],[177,1],[180,1],[181,1],[182,1]]},"synthesis":{"df":3,"idf":4.3712545376919705,"postings":[[16,1],[18,1],[98,1]]},"scale":{"df":8,"idf":3.4839513426910678,"postings":[[17,1],[44,1],[47,1],[48,2],[49,1],[88,1],[93,1],[98,1]]},"immediately":{"df":4,"idf":4.119940109411065,"postings":[[19,1],[73,1],[191,1],[196,1]]},"true":{"df":6,"idf":3.752215329285747,"postings":[[19,1],[34,1],[39,1],[40,1],[177,1],[198,1]]},"confidencescorer":{"df":2,"idf":4.707726774313183,"postings":[[21,1],[102,1]]},"memory":{"df":3,"idf":4.3712545376919705,"postings":[[22,1],[23,2],[89,1]]},"hippocampus":{"df":4,"idf":4.119940109411065,"postings":[[23,1],[30,1],[71,1],[106,1]]},"toml":{"df":1,"idf":5.218552398079174,"postings":[[24,1]]},"idempotent":{"df":1,"idf":5.218552398079174,"postings":[[26,1]]},"schema":{"df":1,"idf":5.218552398079174,"postings":[[29,1]]},"needs":{"df":4,"idf":4.119940109411065,"postings":[[29,2],[82,2],[83,1],[84,1]]},"whitelist":{"df":1,"idf":5.218552398079174,"postings":[[31,1]]},"cpu":{"df":2,"idf":4.707726774313183,"postings":[[33,1],[36,1]]},"pool":{"df":1,"idf":5.218552398079174,"postings":[[33,1]]},"1":{"df":28,"idf":2.2741134189127337,"postings":[[34,1],[39,1],[40,1],[41,1],[45,1],[46,1],[47,1],[81,1],[88,1],[125,1],[145,2],[162,1],[164,1],[165,2],[166,1],[170,2],[171,2],[173,1],[187,1],[190,1],[194,1],[215,1],[218,1],[224,1],[230,1],[236,1],[243,1],[249,1]]},"outage":{"df":1,"idf":5.218552398079174,"postings":[[34,1]]},"needed":{"df":1,"idf":5.218552398079174,"postings":[[35,1]]},"failure":{"df":1,"idf":5.218552398079174,"postings":[[35,1]]},"ensuring":{"df":1,"idf":5.218552398079174,"postings":[[35,1]]},"using":{"df":1,"idf":5.218552398079174,"postings":[[36,1]]},"framepack":{"df":6,"idf":3.752215329285747,"postings":[[36,1],[38,1],[151,1],[152,1],[153,1],[154,1]]},"hunyuanvideo":{"df":1,"idf":5.218552398079174,"postings":[[36,1]]},"purely":{"df":1,"idf":5.218552398079174,"postings":[[38,1]]},"infills":{"df":1,"idf":5.218552398079174,"postings":[[38,1]]},"step":{"df":6,"idf":3.752215329285747,"postings":[[39,1],[40,1],[41,1],[42,1],[43,1],[44,1]]},"full":{"df":8,"idf":3.4839513426910678,"postings":[[39,1],[40,1],[50,1],[51,1],[53,1],[55,1],[180,1],[187,1]]},"alternating":{"df":1,"idf":5.218552398079174,"postings":[[41,1]]},"anti":{"df":1,"idf":5.218552398079174,"postings":[[44,1]]},"duration":{"df":2,"idf":4.707726774313183,"postings":[[53,1],[157,1]]},"max":{"df":5,"idf":3.9192694139489133,"postings":[[81,1],[88,1],[93,1],[98,1],[104,1]]},"soft":{"df":1,"idf":5.218552398079174,"postings":[[89,1]]},"risk":{"df":1,"idf":5.218552398079174,"postings":[[124,1]]},"rich":{"df":1,"idf":5.218552398079174,"postings":[[126,1]]},"fssl":{"df":1,"idf":5.218552398079174,"postings":[[129,1]]},"download":{"df":3,"idf":4.3712545376919705,"postings":[[131,1],[146,1],[154,1]]},"paths":{"df":1,"idf":5.218552398079174,"postings":[[142,1]]},"12":{"df":3,"idf":4.3712545376919705,"postings":[[145,1],[186,1],[206,1]]},"follow":{"df":3,"idf":4.3712545376919705,"postings":[[154,1],[208,1],[214,1]]},"et":{"df":3,"idf":4.3712545376919705,"postings":[[162,2],[171,1],[189,6]]},"v":{"df":17,"idf":2.76181662525787,"postings":[[162,1],[174,1],[178,9],[179,1],[180,1],[183,2],[185,2],[189,3],[190,1],[191,1],[192,1],[193,1],[197,1],[199,1],[200,1],[201,1],[206,1]]},"appellants":{"df":3,"idf":4.3712545376919705,"postings":[[164,4],[165,3],[171,2]]},"james":{"df":2,"idf":4.707726774313183,"postings":[[165,1],[170,1]]},"nabrit":{"df":1,"idf":5.218552398079174,"postings":[[165,1]]},"oliver":{"df":1,"idf":5.218552398079174,"postings":[[165,1]]},"johnson":{"df":1,"idf":5.218552398079174,"postings":[[165,1]]},"miller":{"df":1,"idf":5.218552398079174,"postings":[[165,1]]},"t":{"df":6,"idf":3.752215329285747,"postings":[[165,1],[167,1],[168,4],[218,1],[243,1],[246,1]]},"wilson":{"df":1,"idf":5.218552398079174,"postings":[[166,1]]},"appellees":{"df":3,"idf":4.3712545376919705,"postings":[[166,1],[167,2],[168,3]]},"him":{"df":6,"idf":3.752215329285747,"postings":[[166,1],[167,1],[169,1],[170,1],[181,2],[202,2]]},"callison":{"df":1,"idf":5.218552398079174,"postings":[[167,1]]},"taggart":{"df":1,"idf":5.218552398079174,"postings":[[167,1]]},"affirmance":{"df":1,"idf":5.218552398079174,"postings":[[170,2]]},"brownell":{"df":1,"idf":5.218552398079174,"postings":[[170,1]]},"polier":{"df":1,"idf":5.218552398079174,"postings":[[171,1]]},"robison":{"df":1,"idf":5.218552398079174,"postings":[[171,1]]},"congress":{"df":2,"idf":4.707726774313183,"postings":[[171,2],[176,2]]},"leonard":{"df":1,"idf":5.218552398079174,"postings":[[171,1]]},"come":{"df":2,"idf":4.707726774313183,"postings":[[173,1],[182,1]]},"admission":{"df":4,"idf":4.119940109411065,"postings":[[174,2],[191,1],[192,1],[193,2]]},"hence":{"df":1,"idf":5.218552398079174,"postings":[[175,1]]},"our":{"df":4,"idf":4.119940109411065,"postings":[[176,1],[179,1],[181,3],[204,1]]},"convince":{"df":1,"idf":5.218552398079174,"postings":[[176,1]]},"determined":{"df":2,"idf":4.707726774313183,"postings":[[176,1],[180,1]]},"supported":{"df":2,"idf":4.707726774313183,"postings":[[177,1],[185,1]]},"forbidden":{"df":1,"idf":5.218552398079174,"postings":[[177,1]]},"professional":{"df":2,"idf":4.707726774313183,"postings":[[177,1],[181,1]]},"lum":{"df":2,"idf":4.707726774313183,"postings":[[178,1],[202,1]]},"students":{"df":3,"idf":4.3712545376919705,"postings":[[178,2],[183,2],[190,1]]},"turn":{"df":2,"idf":4.707726774313183,"postings":[[179,1],[180,1]]},"comparison":{"df":1,"idf":5.218552398079174,"postings":[[179,1]]},"instrument":{"df":1,"idf":5.218552398079174,"postings":[[181,1]]},"adjust":{"df":1,"idf":5.218552398079174,"postings":[[181,1]]},"compelled":{"df":1,"idf":5.218552398079174,"postings":[[183,1]]},"knowledge":{"df":1,"idf":5.218552398079174,"postings":[[185,1]]},"applicability":{"df":1,"idf":5.218552398079174,"postings":[[187,1]]},"formulating":{"df":1,"idf":5.218552398079174,"postings":[[187,1]]},"attorneys":{"df":1,"idf":5.218552398079174,"postings":[[187,1]]},"permitted":{"df":1,"idf":5.218552398079174,"postings":[[187,1]]},"1949":{"df":2,"idf":4.707726774313183,"postings":[[190,1],[205,3]]},"chancellor":{"df":1,"idf":5.218552398079174,"postings":[[193,3]]},"344":{"df":3,"idf":4.3712545376919705,"postings":[[193,1],[194,1],[199,1]]},"described":{"df":2,"idf":4.707726774313183,"postings":[[196,2],[210,1]]},"427":{"df":1,"idf":5.218552398079174,"postings":[[196,1]]},"16":{"df":1,"idf":5.218552398079174,"postings":[[197,1]]},"subject":{"df":1,"idf":5.218552398079174,"postings":[[198,1]]},"59":{"df":1,"idf":5.218552398079174,"postings":[[200,1]]},